Bil.,Kod Negeri,Nama negeri,Wilayah,25/1/2020,26/1/2020,27/1/2020,28/1/2020,29/1/2020,30/1/2020,31/1/2020,1/2/2020,2/2/2020,3/2/2020,4/2/2020,5/2/2020,6/2/2020,7/2/2020,8/2/2020,9/2/2020,10/2/2020,11/2/2020,12/2/2020,13/2/2020,14/2/2020,15/2/2020,16/2/2020,17/2/2020,18/2/2020,19/2/2020,20/2/2020,21/2/2020,22/2/2020,23/2/2020,24/2/2020,25/2/2020,26/2/2020,27/2/2020,28/2/2020,29/2/2020,1/3/2020,2/3/2020,3/3/2020,4/3/2020,5/3/2020,6/3/2020,7/3/2020,8/3/2020,9/3/2020,10/3/2020,11/3/2020,12/3/2020,13/3/2020,14/3/2020,15/3/2020,16/3/2020,17/3/2020,18/3/2020,19/3/2020,20/3/2020,21/3/2020,22/3/2020,23/3/2020,24/3/2020,25/3/2020,26/3/2020,27/3/2020,28/3/2020,29/3/2020,30/3/2020,31/3/2020,1/4/2020,2/4/2020,3/4/2020,4/4/2020,5/4/2020,6/4/2020,7/4/2020,8/4/2020,9/4/2020,10/4/2020,11/4/2020,12/4/2020,13/4/2020,14/4/2020,15/4/2020,16/4/2020,17/4/2020,18/4/2020,19/4/2020,20/4/2020,21/4/2020,22/4/2020,23/4/2020,24/4/2020,25/4/2020,26/4/2020,27/4/2020,28/4/2020,29/4/2020,30/4/2020,1/5/2020,2/5/2020,3/5/2020,4/5/2020,5/5/2020,6/5/2020,7/5/2020,8/5/2020,9/5/2020,10/5/2020,11/5/2020,12/5/2020,13/5/2020,14/5/2020,15/5/2020,16/5/2020,17/5/2020,18/5/2020,19/5/2020,20/5/2020,21/5/2020,22/5/2020,23/5/2020,24/5/2020,25/5/2020,26/5/2020,27/5/2020,28/5/2020,29/5/2020,30/5/2020,31/5/2020,1/6/2020,2/6/2020,3/6/2020,4/6/2020,5/6/2020,6/6/2020,7/6/2020,8/6/2020,9/6/2020,10/6/2020,11/6/2020,12/6/2020,13/6/2020,14/6/2020,15/6/2020,16/6/2020,17/6/2020,18/6/2020,19/6/2020,20/6/2020,21/6/2020,22/6/2020,23/6/2020,24/6/2020,25/6/2020,26/6/2020,27/6/2020,28/6/2020,29/6/2020,30/6/2020,1/7/2020,2/7/2020,3/7/2020,4/7/2020,5/7/2020,6/7/2020,7/7/2020,8/7/2020,9/7/2020,10/7/2020,11/7/2020,12/7/2020,13/7/2020,14/7/2020,15/7/2020,16/7/2020,17/7/2020,18/7/2020,19/7/2020,20/7/2020,21/7/2020,22/7/2020,23/7/2020,24/7/2020,25/7/2020,26/7/2020,27/7/2020,28/7/2020,29/7/2020,30/7/2020,31/7/2020,1/8/2020,2/8/2020,3/8/2020,4/8/2020,5/8/2020,6/8/2020,7/8/2020,8/8/2020,9/8/2020,10/8/2020,11/8/2020,12/8/2020,13/8/2020,14/8/2020,15/8/2020,16/8/2020,17/8/2020,18/8/2020,19/8/2020,20/8/2020,21/8/2020,22/8/2020,23/8/2020,24/8/2020,25/8/2020,26/8/2020,27/8/2020,28/8/2020,29/8/2020,30/8/2020,31/8/2020,1/9/2020,2/9/2020,3/9/2020,4/9/2020,5/9/2020,6/9/2020,7/9/2020,8/9/2020,9/9/2020,10/9/2020,11/9/2020,12/9/2020,13/9/2020,14/9/2020,15/9/2020,16/9/2020,17/9/2020,18/9/2020,19/9/2020,20/9/2020,21/9/2020,22/9/2020,23/9/2020,24/9/2020,25/9/2020,26/9/2020,27/9/2020,28/9/2020,29/9/2020,30/9/2020,1/10/2020,2/10/2020,3/10/2020,4/10/2020,5/10/2020,6/10/2020,7/10/2020,8/10/2020,9/10/2020,10/10/2020,11/10/2020,12/10/2020,13/10/2020,14/10/2020,15/10/2020,16/10/2020,17/10/2020,18/10/2020,19/10/2020,20/10/2020,21/10/2020,22/10/2020,23/10/2020,24/10/2020,25/10/2020,26/10/2020,27/10/2020,28/10/2020,29/10/2020,30/10/2020,31/10/2020,1/11/2020,2/11/2020,3/11/2020,4/11/2020,5/11/2020,6/11/2020,7/11/2020,8/11/2020,9/11/2020,10/11/2020,11/11/2020,12/11/2020,13/11/2020,14/11/2020,15/11/2020,16/11/2020,17/11/2020,18/11/2020,19/11/2020,20/11/2020,21/11/2020,22/11/2020,23/11/2020,24/11/2020,25/11/2020,26/11/2020,27/11/2020,28/11/2020,29/11/2020,30/11/2020,1/12/2020,2/12/2020,3/12/2020,4/12/2020,5/12/2020,6/12/2020,7/12/2020,8/12/2020,9/12/2020,10/12/2020,11/12/2020,12/12/2020,13/12/2020,14/12/2020,15/12/2020,16/12/2020,17/12/2020,18/12/2020,19/12/2020,20/12/2020,21/12/2020,22/12/2020,23/12/2020,24/12/2020,25/12/2020,26/12/2020,27/12/2020,28/12/2020,29/12/2020,30/12/2020,31/12/2020,1/1/2021,2/1/2021,3/1/2021,4/1/2021,5/1/2021,6/1/2021,7/1/2021,8/1/2021,9/1/2021,10/1/2021,11/1/2021,12/1/2021,13/1/2021,14/1/2021,15/1/2021,16/1/2021,17/1/2021,18/1/2021,19/1/2021,20/1/2021,21/1/2021,22/1/2021,23/1/2021,24/1/2021,25/1/2021,26/1/2021,27/1/2021,28/1/2021,29/1/2021,30/1/2021,31/1/2021,1/2/2021,2/2/2021,3/2/2021,4/2/2021,5/2/2021,6/2/2021,7/2/2021,8/2/2021,9/2/2021,10/2/2021,11/2/2021,12/2/2021,13/2/2021,14/2/2021,15/2/2021,16/2/2021,17/2/2021,18/2/2021,19/2/2021,20/2/2021,21/2/2021,22/2/2021,23/2/2021,24/2/2021,25/2/2021,26/2/2021,27/2/2021,28/2/2021,1/3/2021,2/3/2021,3/3/2021,4/3/2021,5/3/2021,6/3/2021,7/3/2021,8/3/2021,9/3/2021,10/3/2021,11/3/2021,12/3/2021,13/3/2021,14/3/2021,15/3/2021,16/3/2021,17/3/2021,18/3/2021,19/3/2021,20/3/2021,21/3/2021,22/3/2021,23/3/2021,24/3/2021,25/3/2021,26/3/2021,27/3/2021,28/3/2021,29/3/2021,30/3/2021,31/3/2021,1/4/2021,2/4/2021,3/4/2021,4/4/2021,5/4/2021,6/4/2021,7/4/2021,8/4/2021,9/4/2021,10/4/2021,11/4/2021,12/4/2021,13/4/2021,14/4/2021,15/4/2021,16/4/2021,17/4/2021,18/4/2021,19/4/2021,20/4/2021,21/4/2021,22/4/2021,23/4/2021,24/4/2021,25/4/2021,26/4/2021,27/4/2021,28/4/2021,29/4/2021,30/4/2021,1/5/2021,2/5/2021,3/5/2021,4/5/2021,5/5/2021,6/5/2021,7/5/2021,8/5/2021,9/5/2021,10/5/2021,11/5/2021,12/5/2021,13/5/2021,14/5/2021,15/5/2021,16/5/2021,17/5/2021,18/5/2021,19/5/2021,20/5/2021,21/5/2021,22/5/2021,23/5/2021,24/5/2021,25/5/2021,26/5/2021,27/5/2021,28/5/2021,29/5/2021,30/5/2021,31/5/2021,1/6/2021,2/6/2021,3/6/2021,4/6/2021,5/6/2021,6/6/2021,7/6/2021,8/6/2021,9/6/2021,10/6/2021,11/6/2021,12/6/2021,13/6/2021,14/6/2021,15/6/2021,16/6/2021,17/6/2021,18/6/2021,19/6/2021,20/6/2021,21/6/2021,22/6/2021,23/6/2021,24/6/2021,25/6/2021,26/6/2021,27/6/2021,28/6/2021,29/6/2021,30/6/2021,1/7/2021,2/7/2021,3/7/2021,4/7/2021,5/7/2021,6/7/2021,7/7/2021,8/7/2021,9/7/2021,10/7/2021,11/7/2021,12/7/2021,13/7/2021,14/7/2021,15/7/2021,16/7/2021,17/7/2021,18/7/2021,19/7/2021,20/7/2021,21/7/2021,22/7/2021,23/7/2021,24/7/2021,25/7/2021,26/7/2021,27/7/2021,28/7/2021,29/7/2021,30/7/2021,31/7/2021,1/8/2021,2/8/2021,3/8/2021,4/8/2021,5/8/2021,6/8/2021,7/8/2021,8/8/2021,9/8/2021,10/8/2021,11/8/2021,12/8/2021,13/8/2021,14/8/2021,15/8/2021,16/8/2021,17/8/2021,18/8/2021,19/8/2021,20/8/2021,21/8/2021,22/8/2021,23/8/2021,24/8/2021,25/8/2021,26/8/2021,27/8/2021,28/8/2021,29/8/2021,30/8/2021,31/8/2021,1/9/2021,2/9/2021,3/9/2021,4/9/2021,5/9/2021,6/9/2021,7/9/2021,8/9/2021,9/9/2021,10/9/2021,11/9/2021,12/9/2021,13/9/2021,14/9/2021,15/9/2021,16/9/2021,17/9/2021,18/9/2021,19/9/2021,20/9/2021,21/9/2021,22/9/2021,23/9/2021,24/9/2021,25/9/2021,26/9/2021,27/9/2021,28/9/2021,29/9/2021,30/9/2021,1/10/2021,2/10/2021,3/10/2021,4/10/2021,5/10/2021,6/10/2021,7/10/2021,8/10/2021,9/10/2021,10/10/2021,11/10/2021,12/10/2021,13/10/2021,14/10/2021,15/10/2021,16/10/2021,17/10/2021,18/10/2021,19/10/2021,20/10/2021,21/10/2021,22/10/2021,23/10/2021,24/10/2021,25/10/2021,26/10/2021,27/10/2021,28/10/2021,29/10/2021,30/10/2021,31/10/2021,1/11/2021,2/11/2021,3/11/2021,4/11/2021,5/11/2021,6/11/2021,7/11/2021,8/11/2021,9/11/2021,10/11/2021,11/11/2021,12/11/2021,13/11/2021,14/11/2021,15/11/2021,16/11/2021,17/11/2021,18/11/2021,19/11/2021,20/11/2021,21/11/2021,22/11/2021,23/11/2021,24/11/2021,25/11/2021,26/11/2021,27/11/2021,28/11/2021,29/11/2021,30/11/2021,1/12/2021,2/12/2021,3/12/2021,4/12/2021,5/12/2021,6/12/2021,7/12/2021,8/12/2021,9/12/2021,10/12/2021,11/12/2021,12/12/2021,13/12/2021,14/12/2021,15/12/2021,16/12/2021,17/12/2021,18/12/2021,19/12/2021,20/12/2021,21/12/2021,22/12/2021,23/12/2021,24/12/2021,25/12/2021,26/12/2021,27/12/2021,28/12/2021,29/12/2021,30/12/2021,31/12/2021,1/1/2022,2/1/2022,3/1/2022,4/1/2022,5/1/2022,6/1/2022,7/1/2022,8/1/2022,9/1/2022,10/1/2022,11/1/2022,12/1/2022,13/1/2022,14/1/2022,15/1/2022,16/1/2022,17/1/2022,18/1/2022,19/1/2022,20/1/2022,21/1/2022,22/1/2022,23/1/2022,24/1/2022,25/1/2022,26/1/2022,27/1/2022,28/1/2022,29/1/2022,30/1/2022,31/1/2022,1/2/2022,2/2/2022,3/2/2022,4/2/2022,5/2/2022,6/2/2022,7/2/2022,8/2/2022,9/2/2022,10/2/2022,11/2/2022,12/2/2022,13/2/2022,14/2/2022,15/2/2022,16/2/2022,17/2/2022,18/2/2022,19/2/2022,20/2/2022,21/2/2022,22/2/2022,23/2/2022,24/2/2022,25/2/2022,26/2/2022,27/2/2022,28/2/2022,1/3/2022,2/3/2022,3/3/2022,4/3/2022,5/3/2022,6/3/2022,7/3/2022,8/3/2022,9/3/2022,10/3/2022,11/3/2022,12/3/2022,13/3/2022,14/3/2022,15/3/2022,16/3/2022,17/3/2022,18/3/2022,19/3/2022,20/3/2022,21/3/2022,22/3/2022,23/3/2022,24/3/2022,25/3/2022,26/3/2022,27/3/2022,28/3/2022,29/3/2022,30/3/2022,31/3/2022,1/4/2022,2/4/2022,3/4/2022,4/4/2022,5/4/2022,6/4/2022,7/4/2022,8/4/2022,9/4/2022,10/4/2022,11/4/2022,12/4/2022,13/4/2022,14/4/2022,15/4/2022,16/4/2022,17/4/2022,18/4/2022,19/4/2022,20/4/2022,21/4/2022,22/4/2022,23/4/2022,24/4/2022,25/4/2022,26/4/2022,27/4/2022,28/4/2022,29/4/2022,30/4/2022,1/5/2022,2/5/2022,3/5/2022,4/5/2022,5/5/2022,6/5/2022,7/5/2022,8/5/2022,9/5/2022,10/5/2022,11/5/2022,12/5/2022,13/5/2022,14/5/2022,15/5/2022,16/5/2022,17/5/2022,18/5/2022,19/5/2022,20/5/2022,21/5/2022,22/5/2022,23/5/2022,24/5/2022,25/5/2022,26/5/2022,27/5/2022,28/5/2022,29/5/2022,30/5/2022,31/5/2022,1/6/2022,2/6/2022,3/6/2022,4/6/2022,5/6/2022,6/6/2022,7/6/2022,8/6/2022,9/6/2022,10/6/2022,11/6/2022,12/6/2022,13/6/2022,14/6/2022,15/6/2022,16/6/2022,17/6/2022,18/6/2022,19/6/2022,20/6/2022,21/6/2022,22/6/2022,
1,01,Johor,Semenanjung Malaysia,0,0,0,0,0,0,0,0,0,0,0,0,0,0,1,0,0,0,0,0,4,1,0,0,2,0,0,0,0,0,0,0,0,0,0,0,0,0,0,0,0,0,0,0,0,0,0,0,0,0,0,0,0,0,0,1,0,0,0,0,0,7,2,13,1,8,4,10,31,0,0,49,23,2,13,21,2,43,40,16,34,21,0,0,0,1,1,1,0,0,0,0,1,1,1,1,8,16,11,15,9,5,0,21,13,7,5,9,8,3,3,7,7,9,12,3,0,10,0,16,0,4,7,32,15,5,2,1,2,3,1,1,0,0,0,1,2,2,0,1,0,0,0,1,0,22,0,1,0,4,0,1,0,0,1,1,1,0,0,5,0,0,0,1,0,2,0,0,0,1,1,0,0,0,2,2,0,0,0,1,0,0,0,0,0,0,0,0,2,0,0,0,3,1,2,4,19,2,0,0,5,1,2,1,0,1,1,1,0,1,0,1,1,0,2,0,0,0,0,1,0,0,0,0,0,0,0,0,0,0,0,0,0,0,1,0,0,0,0,0,0,0,0,0,0,0,0,0,0,0,0,0,0,0,0,0,0,0,0,7,1,4,6,6,7,0,0,2,13,1,4,9,4,0,0,3,4,1,2,4,0,0,3,13,3,8,11,6,9,0,19,5,0,3,0,2,6,7,3,6,10,2,11,3,11,22,4,12,14,13,17,22,20,4,27,20,20,34,38,80,44,56,49,54,20,42,161,102,73,112,107,36,34,29,58,123,25,64,6,214,90,28,31,30,158,149,253,34,61,413,63,46,152,185,134,175,122,168,162,250,93,104,580,32,1219,2045,220,733,18,394,857,1172,597,777,839,468,95,64,109,169,331,369,71,308,1625,1274,72,41,105,1522,2496,1114,503,466,619,1083,518,804,721,820,522,246,434,394,381,765,232,327,162,393,336,218,299,328,289,520,155,334,202,446,143,119,179,266,90,196,159,111,191,99,39,159,145,123,142,152,82,223,145,61,102,74,182,187,56,109,144,88,78,107,55,163,66,133,108,35,144,24,94,148,182,113,102,411,74,71,270,151,222,73,281,366,231,177,278,199,330,278,205,345,337,267,329,278,309,236,411,390,359,340,448,338,431,390,526,692,407,427,406,608,546,537,632,687,394,433,466,371,598,703,427,373,539,314,453,427,512,405,448,354,414,304,391,361,584,497,558,229,199,242,351,226,249,347,234,222,316,307,473,430,499,313,477,300,362,407,298,566,429,280,708,606,472,419,1200,798,670,464,826,687,736,967,1261,722,798,1128,1244,1092,998,1163,1236,1096,1363,1257,1012,1225,1299,1305,1594,1533,1357,1271,1365,1355,1239,1390,1442,1244,1503,1335,1342,1702,1789,2764,1743,1823,1789,2199,2108,1943,2084,2269,1998,2096,2060,2120,1805,3386,1748,2057,1906,1794,1800,1698,2120,2243,2153,1897,2695,1675,1811,1642,1530,1509,1284,1118,1793,1302,1098,1064,895,742,708,835,1067,958,838,846,694,1633,457,631,558,1110,671,640,542,541,532,425,509,489,554,1123,342,302,440,1126,254,191,277,249,369,348,390,387,884,213,318,345,541,458,481,416,432,474,535,1925,212,223,306,412,391,346,857,352,230,312,351,444,362,554,374,466,338,456,432,403,547,495,1232,267,448,466,436,406,279,437,0,455,33,111,394,290,264,155,390,127,433,111,0,244,192,0,157,29,205,95,346,266,670,586,717,874,293,956,91,622,389,568,354,1823,453,1184,1518,873,808,862,1164,862,908,1242,686,776,1548,1887,5159,2781,2806,2212,2283,3304,2680,2983,3106,2842,1412,1970,3991,2552,2994,3996,1910,1253,1157,4558,1136,382,1443,3923,3073,1471,2690,666,3148,2780,1284,2926,2509,2822,1556,1197,1590,1315,1394,783,471,258,604,754,1116,1035,1294,1190,1412,1309,1473,91,506,535,767,85,134,279,109,585,591,777,269,555,224,62,132,134,423,31,235,48,29,51,75,260,37,258,47,154,35,74,13,24,27,24,46,35,251,169,137,111,164,14,34,10,32,162,35,17,42,71,175,143,33,15,15,6,17,59,45,25,29,119,14,14,75,63,18,14,51,52,41,14,
2,02,Kedah,Semenanjung Malaysia,0,0,0,0,0,0,0,0,0,0,0,1,0,0,0,0,0,0,0,0,0,0,0,0,0,1,0,0,1,0,0,0,0,0,0,0,0,0,0,0,0,0,0,0,0,0,0,0,0,0,0,0,0,0,0,0,0,2,0,0,0,0,1,6,4,0,6,0,3,0,10,0,7,0,14,0,0,0,6,0,2,0,6,1,0,5,2,0,1,0,4,0,0,0,1,0,0,1,0,0,1,0,0,1,0,0,0,1,0,0,0,0,0,0,0,0,0,0,0,1,0,0,2,0,0,0,0,0,0,1,0,0,0,0,0,0,0,0,0,0,0,0,0,0,0,1,0,0,0,0,0,0,0,0,0,0,0,0,1,0,1,0,1,0,0,0,0,0,0,0,0,0,0,0,0,0,0,0,0,0,0,1,0,0,0,0,0,0,0,0,0,0,0,0,0,0,0,0,0,0,0,0,0,0,15,0,5,0,0,7,0,0,0,0,0,6,22,0,8,0,13,0,3,0,7,0,3,9,2,7,1,0,4,4,0,2,4,0,1,0,24,6,12,5,8,5,3,1,10,3,3,6,7,14,2,10,4,1,0,4,10,0,1,0,227,52,0,410,98,109,19,67,74,1,80,1,136,116,68,0,22,41,82,10,23,6,33,10,17,1,21,5,12,14,4,6,0,0,8,2,17,5,6,17,45,17,11,39,9,6,4,13,21,17,23,27,26,15,48,42,36,36,18,23,19,18,21,7,10,14,17,18,8,14,14,5,18,6,9,7,5,8,5,4,12,13,17,24,15,36,13,4,24,59,60,0,59,77,24,17,83,10,52,1,115,59,62,76,41,74,0,50,28,60,102,112,449,309,122,79,164,92,1,105,90,60,78,29,38,273,49,239,53,77,79,92,187,9,55,65,73,45,64,27,171,26,45,27,19,21,17,11,36,12,10,16,15,9,22,21,18,17,40,31,11,25,38,19,2,65,32,27,61,49,37,33,30,32,22,27,30,23,28,27,30,35,13,50,29,38,55,53,27,49,33,44,54,31,40,34,75,43,51,62,72,67,81,131,77,102,103,106,54,227,95,138,126,144,174,204,80,323,170,217,208,200,88,433,327,373,422,332,382,432,456,461,426,402,72,532,319,399,138,583,263,305,204,359,213,258,166,196,153,175,179,197,243,222,190,217,175,209,169,186,201,226,168,170,148,180,206,222,234,283,154,262,121,262,400,323,320,415,338,310,303,633,478,602,593,501,504,711,133,1042,633,724,292,2015,1085,1448,1233,1356,1215,968,1015,1517,1348,1202,1457,1354,1287,1269,1623,1455,1780,1891,2084,1648,1813,2142,2123,1867,1940,1913,1870,1567,2296,2408,1857,1793,1939,1787,1912,1933,2200,1603,1845,1989,1568,1411,1621,1650,1370,1449,1551,1380,1216,1290,1222,1053,1085,1004,888,1081,1073,881,880,705,961,657,703,736,693,636,649,556,551,560,613,364,529,501,504,439,520,506,430,342,398,576,106,702,379,355,295,53,739,341,298,406,437,436,374,461,322,375,297,409,31,584,287,389,313,291,468,374,345,415,312,366,403,411,387,445,419,132,378,424,402,60,893,509,313,374,387,330,352,339,379,299,378,348,362,297,330,322,241,264,349,261,184,271,267,176,215,215,243,197,216,257,185,274,242,236,260,245,208,290,230,229,188,197,188,230,238,219,277,205,226,217,198,307,336,312,328,281,227,332,364,392,337,390,497,469,500,374,479,494,579,504,647,895,942,774,1228,1199,1491,1221,1094,836,1245,1762,1916,2819,2814,2678,3308,3369,2367,2553,2558,2634,2477,2839,3172,2120,2651,2783,2660,3165,2971,3053,2775,2881,3047,3030,2848,2468,2291,2328,2345,2315,2003,1919,1469,1345,1111,1368,1211,1199,1226,816,784,643,775,715,813,617,548,423,435,544,467,348,326,308,248,294,287,283,230,183,166,123,126,137,135,122,85,85,106,108,79,99,95,56,49,61,27,20,40,41,62,58,53,90,120,98,81,60,52,43,42,65,65,64,87,56,51,57,61,67,34,56,41,33,42,45,38,47,51,31,29,54,28,52,39,45,27,32,
3,03,Kelantan,Semenanjung Malaysia,0,0,0,0,0,0,0,0,0,0,0,0,0,0,0,0,0,0,0,0,0,0,0,0,0,0,0,0,0,0,0,0,0,0,0,0,0,0,0,0,0,0,0,0,0,0,0,0,0,0,0,0,0,0,0,0,0,0,0,0,0,0,0,0,0,1,0,0,9,7,39,1,0,0,26,0,0,0,0,0,41,9,0,0,8,0,0,0,0,0,0,0,3,0,0,0,0,0,0,0,0,0,2,0,0,0,0,0,0,0,0,0,0,0,0,0,1,0,0,0,0,0,0,0,0,0,0,0,0,0,1,0,0,0,0,0,0,0,0,0,0,0,0,0,0,5,0,0,0,0,0,0,0,0,0,0,0,0,1,0,0,0,0,0,0,0,0,0,0,0,0,0,0,0,0,0,0,0,0,0,0,0,0,0,0,2,0,0,1,0,0,0,0,0,0,0,0,0,0,0,0,0,0,0,0,0,0,0,0,0,0,0,0,0,0,0,0,0,0,0,0,0,0,0,0,0,0,0,0,0,0,0,0,0,0,0,0,0,0,0,0,0,0,0,0,0,0,0,0,0,0,0,0,0,0,0,0,1,0,0,0,0,0,5,0,3,0,0,0,0,0,0,0,0,0,0,0,0,0,2,0,0,2,2,2,0,1,0,0,2,3,0,0,0,0,0,0,4,1,9,2,1,2,3,4,4,8,19,14,3,8,7,11,11,2,12,11,12,15,5,5,3,2,12,23,21,6,13,3,20,1,2,1,0,3,5,1,6,8,1,7,6,1,13,11,23,54,27,70,49,32,49,65,42,37,49,59,55,66,91,88,77,61,86,102,88,66,55,65,74,53,51,38,52,29,62,195,254,25,48,137,68,48,29,30,30,33,37,38,223,34,89,45,81,24,42,100,26,47,46,87,44,52,83,28,40,223,52,53,73,58,49,56,54,54,17,30,19,26,27,50,18,34,32,48,48,23,40,20,59,34,41,55,54,62,72,83,34,53,60,63,70,36,51,38,72,94,83,75,101,117,105,128,192,99,128,95,145,172,123,205,250,211,548,194,533,491,496,702,265,537,383,500,377,295,484,579,311,377,245,322,359,253,313,364,144,302,352,373,445,496,581,558,453,341,508,475,969,397,435,430,578,726,614,574,1378,297,237,317,483,251,326,274,294,221,308,263,194,210,169,185,175,177,208,87,153,89,146,117,128,152,133,131,103,103,101,129,108,101,113,108,153,136,160,236,178,187,221,236,175,237,329,326,126,284,428,311,429,41,1185,496,470,462,447,633,973,873,846,832,905,628,339,1446,964,845,1107,1274,935,655,1343,1336,1355,1356,1425,1233,1005,1201,948,1266,1674,1519,1291,1224,1506,597,1540,1745,1560,1255,1453,1299,1581,1260,1426,1483,1318,1272,1499,936,1399,1409,457,1664,1434,1270,1322,1469,1205,397,1524,1083,1299,1005,1373,1028,548,228,939,2135,692,1077,965,1091,699,1063,1157,938,959,772,918,656,560,742,586,430,625,584,492,460,691,430,533,533,464,507,527,595,579,438,432,422,388,480,754,788,847,626,526,475,503,826,517,739,636,803,617,569,699,590,542,470,511,442,374,509,579,594,573,598,413,490,537,501,498,446,472,361,349,498,284,89,526,489,240,163,393,352,317,402,425,338,383,336,464,473,372,374,240,273,390,333,281,303,309,300,243,361,214,288,296,240,192,71,437,285,348,329,379,84,191,459,338,484,389,425,348,335,485,97,515,344,826,138,348,153,635,1639,1669,1672,1980,2307,1745,2161,2523,1612,1648,2046,1789,1294,1030,1001,1062,1601,1740,1727,1322,1256,1354,1630,1722,1602,1629,1359,1885,1403,1440,1588,1484,1045,946,977,959,847,902,594,507,477,500,469,429,396,342,276,255,267,279,250,193,181,203,217,178,162,109,126,66,103,123,83,99,73,75,45,38,40,32,33,33,30,25,25,24,23,32,11,12,16,14,17,13,9,19,20,26,28,49,38,28,26,18,21,16,6,17,11,12,9,11,32,16,12,5,11,13,10,7,14,16,7,11,11,2,12,19,9,27,19,15,9,8,
4,04,Melaka,Semenanjung Malaysia,0,0,0,0,0,0,0,0,0,0,0,0,0,0,0,0,0,0,0,0,0,0,0,0,0,0,0,0,0,0,0,0,0,0,0,0,0,0,0,0,0,0,0,0,0,0,0,0,0,0,0,0,0,0,0,0,0,0,0,0,0,0,0,0,0,0,0,0,0,0,0,0,0,0,0,0,0,22,3,5,3,0,12,1,4,0,11,11,2,11,1,17,8,0,2,0,2,0,0,17,0,6,16,0,0,0,2,1,1,0,5,1,2,8,4,0,7,0,0,2,2,0,3,0,3,4,0,1,0,0,0,0,0,0,0,0,0,0,0,0,1,2,0,11,0,2,1,12,0,0,1,3,4,3,1,1,3,1,1,0,3,0,0,1,0,0,0,0,0,0,0,0,0,0,0,0,0,0,0,0,0,0,1,0,0,0,0,0,1,0,0,0,0,0,0,0,0,0,0,0,0,0,0,0,0,0,1,0,0,0,0,0,0,0,0,0,0,0,0,0,0,0,0,0,0,0,0,0,0,0,0,0,0,0,0,3,0,0,0,0,0,0,0,0,0,0,0,0,0,0,0,0,0,0,0,0,0,0,0,0,0,0,0,0,0,5,0,0,0,0,0,0,7,0,1,3,2,4,9,2,0,5,1,3,1,2,3,0,0,2,0,0,1,0,1,5,2,1,4,5,6,4,7,8,4,2,3,5,0,4,4,0,2,0,1,1,0,2,0,1,2,0,3,0,4,0,5,0,0,6,0,2,9,12,2,0,2,13,8,198,8,16,9,49,12,0,16,148,198,10,29,0,38,78,20,14,25,27,106,11,64,29,18,37,14,55,19,152,19,267,28,34,147,17,32,120,135,314,26,56,108,108,307,546,53,97,35,37,19,349,59,259,14,288,65,106,37,57,31,27,36,36,25,16,38,22,13,40,11,16,44,23,13,21,8,4,3,4,5,58,18,8,6,1,6,7,33,13,5,5,10,8,8,66,12,18,3,47,51,38,12,39,16,4,9,26,12,20,12,16,12,14,14,22,28,105,18,37,20,57,29,42,55,30,33,37,23,31,36,52,61,50,23,39,54,53,78,82,57,101,47,89,90,86,95,76,55,115,58,81,69,75,85,131,91,161,111,156,194,334,265,218,230,373,335,191,365,436,282,310,222,201,202,291,530,67,175,69,96,134,161,125,65,317,214,99,151,135,68,105,194,350,791,245,136,99,794,183,345,215,123,161,115,924,209,296,690,273,245,178,752,371,517,450,200,331,298,424,327,338,588,471,495,583,550,596,561,749,542,481,493,535,539,396,623,391,250,665,534,423,710,432,594,1085,611,521,699,564,877,488,347,333,105,526,615,323,592,389,363,416,328,495,329,391,288,404,363,380,401,417,256,259,353,236,248,314,216,183,202,218,313,297,404,306,313,344,297,379,203,316,192,201,234,254,282,235,201,249,163,385,217,158,238,256,252,221,167,240,122,238,227,221,300,136,242,164,279,255,223,198,192,675,503,486,183,193,210,195,85,207,224,69,82,89,98,85,562,457,259,75,203,111,351,88,122,237,104,118,74,386,18,162,411,46,39,25,290,39,355,73,213,159,179,154,561,125,92,89,116,326,80,89,200,181,188,82,61,217,114,124,154,131,224,27,219,70,186,216,41,154,23,503,41,347,147,5,231,260,287,119,453,32,536,197,244,240,179,195,400,123,129,529,607,174,666,446,408,322,202,272,60,409,459,72,87,254,1457,110,530,711,135,126,1263,564,139,129,1381,196,47,1538,142,1590,1217,1241,1370,15,100,266,35,1962,2117,52,2051,307,1445,425,951,604,66,26,1006,416,1123,366,358,279,390,239,201,167,160,179,234,2,382,208,189,154,196,28,141,10,244,255,110,155,214,230,125,8,198,112,78,3,178,2,104,79,73,4,163,0,143,80,58,55,135,13,204,136,73,221,69,64,92,75,30,106,54,62,120,37,27,28,68,42,51,48,37,60,32,34,42,43,51,55,51,0,68,78,
5,05,Negeri Sembilan,Semenanjung Malaysia,0,0,0,0,0,0,0,0,0,0,0,0,0,0,0,0,0,0,0,0,0,0,0,2,0,0,0,0,0,0,0,0,0,0,0,0,0,0,0,0,0,0,0,0,0,0,0,0,0,0,0,0,0,1,0,0,0,1,0,0,0,0,10,5,9,9,13,6,3,0,4,16,1,0,15,54,12,0,21,0,12,36,8,9,10,5,5,0,32,2,12,1,6,25,1,12,5,1,18,3,4,5,13,1,0,0,5,1,30,3,3,31,22,10,1,0,24,33,33,8,19,15,31,3,22,9,1,2,6,4,5,3,1,14,0,4,3,1,29,36,1,0,19,18,0,0,24,4,4,4,1,21,18,14,5,6,8,6,0,13,1,13,2,2,0,0,2,10,0,0,0,0,0,0,1,0,0,0,0,0,0,1,0,0,0,0,0,0,0,0,0,0,1,1,0,0,0,0,1,0,0,0,0,0,0,5,0,0,0,0,0,0,0,0,0,0,0,0,0,0,0,0,0,0,0,0,0,0,0,0,0,0,0,0,0,0,3,0,0,0,2,0,0,0,0,4,0,0,0,0,0,0,1,0,0,0,1,3,0,0,0,1,0,2,6,0,0,2,3,2,1,0,1,3,2,4,1,0,15,25,0,91,60,7,70,55,94,50,10,66,46,35,39,82,71,171,92,243,109,132,128,283,96,110,142,84,45,51,125,65,49,70,59,54,268,175,85,125,102,207,54,101,36,42,212,275,147,58,142,58,58,224,56,48,57,55,61,135,109,83,72,70,23,159,83,107,41,86,56,18,154,58,97,77,82,55,96,321,168,117,134,115,95,131,163,246,141,135,106,124,119,116,170,63,59,271,46,78,90,65,100,40,47,111,62,60,99,58,69,269,54,219,31,201,76,313,119,96,145,109,32,185,203,45,750,108,129,46,63,84,557,116,75,24,156,117,36,20,42,64,57,5,50,26,7,56,19,14,18,39,33,41,11,20,28,42,17,22,69,30,37,18,21,42,9,33,28,33,32,29,28,86,29,61,46,34,64,35,67,33,54,55,80,57,66,29,20,75,82,115,60,107,59,76,96,89,117,112,108,126,62,118,201,94,191,138,127,113,158,176,307,265,178,414,202,312,537,517,417,397,430,422,269,565,848,528,347,353,636,390,668,748,544,571,508,526,517,733,660,392,405,462,630,883,1009,751,686,559,626,642,798,618,726,496,610,803,575,575,568,842,570,614,724,733,900,949,715,615,750,1072,1358,1474,1411,1207,784,1278,904,586,662,630,724,595,554,713,773,826,1057,872,705,853,737,644,903,966,893,1055,1161,580,929,824,962,711,548,382,473,526,476,534,403,484,463,389,234,494,311,323,307,250,209,187,280,264,246,253,200,219,217,213,228,211,225,160,109,174,168,175,144,159,179,122,155,145,163,176,163,115,81,128,166,179,239,219,153,162,158,169,208,184,151,180,110,135,202,209,257,191,124,125,116,164,181,203,223,155,202,139,262,283,214,146,161,138,164,202,235,168,144,201,134,160,246,261,207,190,226,199,222,207,209,212,201,138,135,179,187,170,217,151,128,152,166,176,211,226,121,177,207,228,246,243,168,138,131,148,178,178,169,121,123,103,84,104,166,144,114,122,125,103,111,166,158,101,87,135,106,163,161,187,158,133,102,164,105,196,160,141,243,104,159,140,240,311,418,422,302,352,296,322,205,263,225,278,207,321,471,458,435,376,616,1074,1252,738,991,730,691,1297,735,2362,674,1331,1142,1962,1845,1597,2104,1509,1094,1832,1349,2032,1697,1563,1584,1566,1858,1779,2080,1978,1774,1927,1361,1535,1959,1876,1498,1398,871,584,1053,1099,860,1115,1303,548,485,970,755,758,573,608,754,621,996,607,571,513,491,470,485,551,506,500,419,333,290,463,380,244,342,262,260,195,199,122,194,140,123,53,41,61,58,40,39,107,104,117,193,287,192,208,162,110,48,117,128,97,117,126,97,63,118,112,111,128,100,43,48,70,138,123,113,83,79,54,28,66,84,81,89,84,
6,06,Pahang,Semenanjung Malaysia,0,0,0,0,0,0,0,0,0,0,0,0,0,0,0,0,0,0,0,0,0,0,0,0,0,0,0,0,0,0,0,0,0,0,0,0,0,0,0,0,0,0,0,0,0,0,0,0,0,0,0,0,0,0,0,0,0,2,1,0,1,1,0,2,0,12,0,1,0,2,0,0,0,0,1,0,1,8,7,68,0,4,16,17,11,7,14,6,3,0,6,6,4,17,0,0,0,0,1,0,0,3,0,0,2,0,4,0,1,19,0,0,4,0,6,1,5,4,0,9,5,0,6,0,2,6,3,0,0,0,2,0,0,0,8,0,0,1,0,3,3,0,14,5,10,11,0,0,0,0,0,0,2,0,0,0,0,0,0,0,0,0,0,0,0,0,0,0,0,0,0,0,0,0,0,0,0,0,0,0,0,0,0,0,0,0,0,0,0,0,0,0,0,0,0,0,0,0,0,0,0,0,0,0,0,5,0,0,0,0,0,0,0,0,0,0,0,0,0,0,0,0,0,0,0,0,0,0,0,0,0,0,0,0,0,0,1,0,0,0,0,0,0,0,0,0,0,0,0,0,0,0,0,0,0,0,0,0,0,0,4,3,1,0,1,1,0,0,1,1,0,0,1,1,0,0,0,1,0,2,0,1,0,0,0,0,0,1,0,0,2,0,0,0,0,0,0,0,0,0,0,0,0,0,0,3,0,0,0,0,0,0,0,1,0,3,0,2,1,0,2,0,9,0,30,2,1,11,23,6,152,18,9,5,10,82,11,0,8,8,17,43,2,63,9,21,6,7,16,0,27,9,11,36,2,9,27,16,10,15,29,20,0,31,9,7,1,4,20,6,10,8,24,12,6,427,565,210,12,8,55,61,6,11,5,10,9,4,4,329,7,236,4,109,24,30,20,24,43,19,9,18,17,14,33,23,31,8,14,8,41,11,37,3,13,6,1,14,6,13,15,13,2,3,1,8,4,3,5,25,2,10,5,22,2,27,65,3,43,14,22,34,9,7,16,35,20,51,29,17,31,24,13,20,3,30,7,43,15,35,3,43,34,28,13,19,72,28,43,19,32,27,33,16,88,53,47,49,58,39,53,99,76,105,86,71,112,65,57,167,135,162,13,275,148,150,173,228,240,260,219,170,287,272,213,335,201,238,396,132,146,212,184,167,128,84,85,71,32,31,4,12,71,19,68,77,99,162,112,145,117,181,226,105,128,328,343,220,366,223,194,250,229,331,392,230,193,198,344,395,157,71,248,239,445,512,410,446,378,330,377,497,500,299,434,605,442,606,653,521,613,541,583,660,712,437,690,456,545,923,669,840,635,514,545,696,896,841,749,569,609,586,409,471,556,521,805,773,601,661,489,737,512,667,589,660,420,783,717,605,582,1166,765,765,685,803,681,578,635,918,602,597,849,603,543,821,1048,340,744,816,437,468,712,1187,491,486,528,327,389,448,283,298,368,488,187,339,232,331,258,381,271,238,68,489,279,576,181,246,265,279,254,344,187,243,280,261,290,342,505,469,475,314,154,89,559,415,502,382,282,385,122,574,238,301,257,373,260,259,642,230,213,228,207,258,138,340,287,571,413,665,249,149,380,79,402,307,256,183,121,138,317,281,209,310,163,174,175,285,270,138,216,218,157,109,423,122,230,121,82,217,190,228,385,238,162,278,127,273,117,236,149,186,267,298,278,472,291,245,188,322,86,473,171,197,716,580,330,534,1000,718,1103,1280,927,1026,709,837,1017,1886,1449,1308,1621,1506,1630,1649,1604,1454,1703,1297,1341,1883,1512,1601,3087,1999,1153,1804,1475,1964,1342,1322,1134,991,1170,1290,905,909,908,966,882,824,555,591,583,377,327,519,456,531,555,352,327,337,361,314,284,234,209,107,154,139,137,121,123,102,71,88,45,55,59,79,49,34,45,43,72,57,62,39,14,26,29,9,19,23,32,36,48,73,56,58,58,26,34,23,26,38,30,24,23,12,20,20,24,22,21,12,14,13,13,16,19,15,17,9,8,11,25,28,27,24,
7,07,Pulau Pinang,Semenanjung Malaysia,0,0,0,0,0,0,0,0,0,0,0,0,0,0,0,0,0,0,0,0,0,0,0,0,0,0,0,0,0,0,0,0,0,0,0,0,0,0,0,0,0,0,0,0,0,0,0,0,0,0,0,0,0,0,0,0,0,0,0,0,0,0,0,0,0,0,0,0,0,0,0,0,0,0,0,0,0,0,0,0,0,0,0,101,2,1,1,0,0,2,4,0,0,1,0,3,1,0,0,0,2,0,0,0,0,0,0,0,0,0,0,0,0,0,0,0,0,0,0,0,0,0,0,0,0,0,0,0,0,0,0,0,0,0,0,0,0,0,0,0,0,0,0,0,0,2,0,0,0,0,0,0,0,0,0,0,0,0,0,0,0,0,0,0,0,0,0,0,0,0,0,0,0,0,0,0,0,0,0,0,0,0,0,0,0,0,0,0,0,0,0,0,0,0,0,0,0,0,0,0,0,0,0,1,0,0,1,0,0,2,0,0,0,0,0,0,0,4,1,0,3,0,0,0,1,0,0,0,0,0,0,0,0,0,0,1,0,0,0,0,1,0,0,0,0,0,2,0,0,0,1,0,2,0,0,0,0,0,0,0,2,0,1,0,0,0,1,0,0,0,168,30,24,69,89,20,79,18,13,12,0,24,81,110,44,29,10,29,14,17,29,18,107,113,42,14,40,24,31,56,23,54,33,19,34,12,29,19,18,11,19,19,36,48,71,64,48,53,46,25,53,36,39,44,22,33,53,58,58,25,30,54,56,33,75,48,25,29,36,26,24,8,69,42,60,22,35,53,184,222,209,211,118,115,146,164,120,94,138,103,64,85,112,101,102,93,96,72,56,94,49,82,76,79,60,109,545,219,54,160,150,182,108,121,148,84,101,103,78,312,64,223,104,311,156,114,95,154,128,112,105,131,67,99,130,161,122,137,162,98,144,304,147,117,79,112,100,63,102,174,201,177,150,114,95,150,165,145,175,188,207,106,166,181,207,154,206,149,93,134,111,126,147,120,163,169,131,102,125,114,119,84,72,132,128,87,150,73,99,128,80,55,169,133,99,78,90,206,171,78,131,191,170,248,311,447,197,127,294,240,243,234,280,345,76,391,265,171,246,186,210,329,440,331,306,498,480,86,201,479,228,390,363,334,549,185,545,313,245,273,148,76,132,168,436,99,143,214,43,208,132,109,143,104,202,4,308,81,223,110,178,192,40,246,266,122,145,230,153,207,18,399,222,249,62,399,335,40,314,483,324,255,563,181,372,715,489,198,927,145,484,257,258,475,749,173,1255,735,129,1222,931,1487,746,822,205,648,875,549,1358,1298,1093,1237,1082,1305,1597,1781,1629,1515,1283,1522,1550,1810,1272,2009,1800,1762,1659,7023,271,2233,107,3637,1073,4113,864,557,4474,617,2171,604,2722,2457,371,508,1950,382,1497,1104,351,1839,617,1543,178,1480,277,360,1340,288,1206,510,363,927,820,413,553,220,206,1421,454,144,175,1050,71,622,115,1025,69,69,89,755,25,27,23,1466,132,58,59,101,61,137,238,1184,98,67,11,31,149,1267,63,98,22,1095,66,55,90,14,994,64,61,18,104,1342,90,63,47,129,57,1304,134,17,89,64,83,1094,33,182,103,128,149,221,397,214,873,268,235,214,205,93,480,269,339,276,188,226,218,196,260,170,156,218,211,207,185,358,158,167,204,203,168,204,195,149,176,215,209,223,277,216,231,212,171,233,395,328,365,307,369,448,519,415,606,942,834,835,1067,1341,1669,2054,1690,2161,2153,2298,2108,1675,1977,1740,1836,2142,1956,1977,2258,2063,2438,2689,2204,2284,1867,3490,2541,2756,888,3446,1385,3013,2673,2100,2533,2788,2592,2307,1560,2273,1081,1345,1721,1263,1216,1066,1348,1163,806,807,655,579,563,600,414,474,454,553,495,367,408,353,580,403,66,329,200,293,414,294,165,238,199,179,121,150,190,158,177,34,10,343,138,54,90,57,121,128,133,111,306,250,205,31,156,218,135,277,11,10,255,148,7,118,106,177,136,135,130,57,32,253,18,16,131,106,154,115,103,103,123,106,2,5,374,119,133,161,
8,08,Perak,Semenanjung Malaysia,0,0,0,0,0,0,0,0,0,0,0,0,0,0,0,0,0,0,0,0,0,0,0,0,0,0,0,0,0,0,0,0,0,0,0,0,0,0,0,0,0,0,0,0,0,0,0,0,0,0,0,0,0,0,0,0,0,0,0,1,0,0,0,1,0,1,0,13,20,3,5,24,20,0,42,7,15,13,0,6,9,14,10,6,6,0,6,1,0,1,2,4,0,3,5,0,0,2,0,0,0,0,0,0,0,0,0,0,0,0,0,0,0,0,4,0,0,1,0,0,0,0,1,0,0,0,0,0,0,0,0,0,0,0,0,0,0,0,0,0,1,0,0,0,0,3,0,0,0,0,0,0,1,0,0,0,1,0,0,0,0,0,0,0,0,0,0,0,0,0,0,0,0,0,0,0,0,0,0,0,0,0,0,0,0,0,0,0,0,0,2,0,0,0,1,1,0,0,0,0,0,0,3,0,0,0,1,0,0,0,0,3,0,0,0,0,0,0,0,0,0,0,0,0,0,0,0,0,0,0,0,0,0,0,0,0,0,0,0,0,0,0,0,0,0,0,0,0,0,0,0,0,0,0,0,1,0,0,0,1,0,3,2,0,0,0,16,0,0,0,7,10,0,61,15,3,0,23,0,22,0,10,9,7,21,8,0,10,11,3,7,3,4,3,42,9,4,41,22,13,11,14,47,15,7,129,41,20,54,16,64,70,49,118,83,66,119,33,100,48,45,40,41,29,108,59,37,45,86,33,53,109,51,92,30,25,100,67,13,39,20,3,21,27,40,48,31,33,39,1,78,36,55,59,23,32,60,83,54,82,270,72,69,90,93,118,84,66,55,53,69,78,68,52,98,63,116,296,55,61,138,195,57,26,49,97,61,55,43,285,25,235,50,149,86,124,95,181,122,177,802,148,142,459,103,563,247,631,158,94,185,89,87,96,79,41,60,51,43,69,108,85,33,34,70,27,41,31,62,23,15,28,76,84,73,3,19,12,9,54,19,34,26,17,14,58,17,200,333,32,37,46,26,42,51,33,51,38,44,46,29,62,57,35,58,47,53,30,74,55,139,47,110,85,34,144,103,101,164,118,186,92,139,299,136,141,145,205,128,226,274,296,107,395,190,429,249,223,193,424,302,264,229,248,381,246,202,258,308,165,128,172,126,250,128,67,96,219,273,70,206,118,210,98,118,90,214,271,178,310,158,153,162,120,349,247,176,98,352,162,487,251,161,170,218,430,246,214,300,339,547,275,344,328,440,458,501,361,348,415,780,829,812,795,702,759,548,812,781,739,622,888,759,624,829,835,1139,634,1155,1379,822,905,1507,1144,1167,762,1025,748,970,791,1019,1286,1178,815,799,1194,1674,1212,846,1529,1475,572,1165,1538,1156,1436,1015,1014,970,1660,992,1189,927,1282,1151,1573,1424,1031,1449,1011,1126,654,1329,1013,735,934,636,415,474,488,894,648,666,540,651,513,449,421,409,352,340,255,397,503,308,455,126,534,306,255,244,247,191,263,191,181,223,164,242,281,278,251,169,215,181,102,259,312,285,174,297,246,197,228,255,219,242,232,235,253,201,223,217,165,265,294,218,158,269,209,199,217,194,253,235,214,181,293,179,195,0,385,175,168,68,117,174,272,164,165,142,148,137,150,139,128,123,139,122,164,168,196,142,69,233,107,142,129,137,62,202,136,145,96,154,175,116,41,245,75,112,41,287,184,141,150,204,188,153,216,184,213,312,359,281,357,467,404,332,402,341,432,539,476,491,529,1009,899,716,755,1166,1033,1413,1571,1742,1239,1635,1457,1357,1652,1725,1144,1321,1196,1249,1094,1160,1524,1450,1269,1447,1294,1187,1342,1563,1395,1297,1087,1026,910,1221,1084,1003,807,564,641,601,777,634,596,533,528,680,468,537,499,427,377,484,416,337,369,407,341,319,255,256,268,261,279,140,112,168,109,145,165,93,81,68,56,47,42,90,107,131,138,143,175,163,143,103,103,84,76,78,84,116,117,111,108,68,88,68,98,141,80,115,76,106,109,150,86,89,69,73,48,99,111,127,88,
9,09,Perlis,Semenanjung Malaysia,0,0,0,0,0,0,0,0,0,0,0,0,0,0,0,0,0,0,0,0,0,0,0,0,0,0,0,0,0,0,0,0,0,0,0,0,0,0,0,0,0,0,0,0,0,0,0,0,0,0,0,0,0,0,0,0,0,0,0,0,0,0,0,0,2,0,6,0,0,0,0,0,0,0,0,0,0,0,0,0,0,0,0,0,0,0,0,0,0,0,0,0,0,0,0,0,0,0,0,0,0,0,0,8,0,0,0,0,0,0,0,0,0,0,0,0,0,0,0,0,0,0,0,0,0,0,0,0,0,0,0,0,0,0,0,0,0,0,0,0,0,0,0,0,0,0,0,0,0,0,0,0,0,0,0,0,0,0,0,0,0,0,0,0,0,0,0,0,0,0,0,0,0,0,0,0,0,0,0,0,0,0,0,0,0,0,0,0,0,0,0,0,0,0,0,0,0,0,0,0,0,0,0,0,0,1,0,10,0,0,0,0,0,0,0,1,0,0,0,0,0,0,0,0,0,0,0,0,0,0,0,0,0,1,0,1,0,0,0,0,0,0,1,0,0,0,0,0,0,0,0,0,0,0,0,0,0,0,0,0,0,3,0,1,0,0,0,0,0,0,0,0,0,1,0,0,0,0,0,0,0,0,0,0,0,0,0,0,0,0,0,0,0,0,0,0,0,0,0,0,2,0,0,0,1,0,0,0,0,0,1,0,0,0,0,0,1,0,0,0,0,0,0,0,0,1,0,0,0,0,0,0,0,0,0,0,1,0,0,0,0,0,1,0,0,0,0,0,0,0,0,0,0,1,0,0,0,5,5,7,0,2,1,18,4,2,5,2,1,3,7,8,2,4,0,2,15,9,2,0,4,3,9,0,2,5,2,2,4,2,2,2,0,0,0,4,1,1,5,0,0,3,1,0,2,2,0,0,1,0,4,0,0,1,3,10,12,1,8,12,50,3,4,0,1,1,3,0,0,0,0,1,1,0,4,0,0,0,0,1,1,0,2,0,0,0,1,2,0,0,3,1,1,0,2,0,0,0,0,9,1,2,1,0,1,1,2,2,0,2,0,0,0,3,2,4,0,5,1,2,0,0,4,3,2,0,2,2,3,3,3,18,7,2,9,6,2,11,12,4,6,8,2,9,9,7,8,3,4,0,6,1,3,2,1,5,3,5,5,0,0,3,4,0,1,1,3,2,3,5,3,4,0,3,0,4,0,0,1,0,0,1,2,1,5,1,1,0,4,0,7,0,3,0,9,8,7,3,4,7,12,12,2,16,3,1,3,30,18,16,23,28,16,18,43,11,12,30,24,38,38,56,27,28,55,40,38,58,40,79,37,65,32,62,102,83,46,66,60,47,96,79,89,73,43,43,47,126,79,75,36,49,25,84,59,40,51,72,59,6,106,89,33,44,71,29,26,80,116,74,90,68,10,35,32,173,86,58,52,26,60,33,78,40,25,54,14,8,20,25,60,32,38,14,28,36,86,33,40,18,41,43,34,44,18,24,29,27,33,25,57,41,28,26,7,24,22,18,24,21,10,15,26,34,51,32,30,23,25,39,51,60,43,45,14,25,57,38,29,25,36,9,24,32,25,35,19,23,15,14,22,20,25,22,27,9,17,18,14,6,16,26,13,13,41,28,23,12,18,10,3,6,10,8,15,3,5,8,11,6,11,11,30,13,17,22,25,26,36,9,55,39,38,58,99,52,92,137,155,122,137,128,158,142,197,120,300,279,118,213,293,286,250,285,205,316,268,303,212,236,269,235,202,140,187,221,245,258,200,89,152,180,133,171,115,119,83,110,129,96,81,45,93,31,48,65,23,37,59,35,31,42,50,25,32,26,24,27,19,10,20,14,9,11,11,8,13,20,5,2,5,8,10,8,6,8,4,5,2,5,0,2,13,5,7,13,7,7,9,7,6,5,0,0,0,1,12,1,6,1,2,2,2,3,6,2,3,5,5,4,5,6,4,1,1,5,11,1,7,4,
10,10,Selangor,Semenanjung Malaysia,0,0,0,0,0,0,0,0,0,0,0,0,0,0,0,0,0,0,0,0,0,0,0,1,0,3,0,0,0,0,0,0,0,1,0,0,0,0,0,0,0,0,0,1,1,0,1,4,0,3,4,0,7,5,12,8,14,13,14,17,6,5,24,17,34,34,23,46,35,36,16,0,107,42,19,0,88,29,28,43,30,36,26,46,28,35,18,12,20,13,19,13,25,7,17,16,21,0,9,6,8,20,15,11,11,16,51,24,29,8,11,12,3,15,2,7,6,12,11,2,1,1,5,2,7,3,63,2,25,22,8,6,28,2,26,7,4,17,6,55,42,26,8,1,103,15,16,16,2,6,3,5,4,5,6,0,1,4,10,25,2,2,0,1,1,1,10,1,1,2,0,1,1,9,0,2,7,2,3,0,8,1,7,2,0,1,3,3,6,0,2,0,4,1,1,0,2,1,1,0,1,3,2,0,1,0,7,3,0,1,1,4,0,1,2,4,1,0,0,0,1,2,0,0,4,2,0,1,0,3,4,1,3,2,3,4,2,0,1,4,6,0,2,1,1,0,1,7,0,0,3,5,1,2,0,8,5,0,17,0,51,24,20,0,35,46,33,55,90,49,56,100,97,75,87,92,64,104,86,115,79,95,140,134,91,206,281,41,138,212,151,85,206,136,187,136,269,108,142,142,322,256,199,137,405,85,217,199,542,735,1320,876,164,106,206,198,240,383,990,188,229,299,205,730,258,171,102,636,469,262,290,213,231,147,479,671,283,349,516,221,210,871,924,1794,1173,330,354,390,655,1100,373,484,81,297,111,525,656,644,1237,815,1286,1146,866,1027,1337,1041,2185,1666,518,821,1160,1137,2199,1697,1003,683,713,550,493,1361,445,1686,352,1506,843,925,2858,3082,4067,1126,1741,1483,2893,1905,1406,1456,1322,1604,1149,1132,943,1006,905,693,717,1110,998,611,917,998,472,746,802,719,576,706,552,448,646,720,591,493,539,272,486,591,636,384,324,245,374,397,231,466,517,259,433,553,411,431,440,257,254,296,491,561,344,327,472,290,301,371,787,905,862,823,516,439,456,400,461,723,703,638,672,568,576,605,874,1045,795,1000,692,816,1059,1506,1033,1733,599,943,1397,1208,1806,1755,1305,1192,1151,1695,1456,1495,1799,1476,1723,1711,2084,2112,1929,1512,2033,1950,2303,2352,2502,2133,2720,2458,2192,2063,2418,2869,2601,2476,2190,1631,1231,2525,1673,2585,1748,1957,1506,2039,1707,1829,2037,2222,1635,1687,1682,1755,2224,2062,1970,1965,1772,1994,2433,2416,2472,2793,2113,2379,3062,3037,3882,4303,4172,4645,4348,5235,5005,6061,5480,4961,4780,4408,5538,5499,6071,7665,7145,8205,6701,6576,7107,7049,6121,6402,6329,6198,5874,8241,8417,8801,6812,6453,5759,7306,6779,6156,7295,6373,7201,5720,3729,6829,6991,6894,6969,5370,4637,4645,6062,6940,5817,5625,4529,3593,4364,3577,4010,3543,3599,3784,2155,2463,2788,2627,3527,2345,2264,1949,2629,2566,2616,2603,1844,2139,1461,1892,2252,1897,2160,2271,1565,957,1182,1314,1847,1501,1300,1132,753,1365,1147,413,1784,1367,1013,688,1237,1442,1539,986,1887,1028,872,902,1037,1054,1270,1025,1042,785,956,1118,1343,1245,1350,1140,893,954,1198,1392,1093,1106,977,836,1080,1539,1504,1667,1467,1339,1153,1251,1532,1432,1704,1515,1353,982,1395,1484,1613,1384,1541,1130,953,1124,1572,1628,1659,1352,1153,880,1172,1414,1428,1263,1151,941,683,977,1085,1363,1421,1106,909,394,740,906,942,854,796,654,577,709,939,954,925,766,717,842,567,879,914,896,784,759,657,700,911,1100,986,779,919,547,699,769,884,919,2027,1859,1358,1406,1669,1393,1343,1201,1263,1495,1604,1890,2616,2495,2415,3035,3531,3971,4282,6071,5229,3862,3916,6517,8245,4503,7152,7630,7500,7802,9028,7226,6654,6769,6588,5940,6393,7978,8880,9642,7081,6785,8114,6617,7570,9199,6486,5311,4378,7200,7478,7572,7366,7298,6725,6891,7416,10198,11641,10801,10736,9236,6507,6967,7724,12379,10445,9712,7511,9164,8507,6362,9602,5668,4272,4472,5050,6152,6519,6171,6561,4207,5007,3151,4638,3553,3788,3564,2269,1125,1794,1911,1213,1180,1063,641,683,426,547,720,433,554,1153,1157,1126,1216,1681,1276,1086,1141,702,637,845,890,787,877,757,825,823,1263,842,893,761,521,607,661,754,887,814,755,560,610,596,562,775,917,657,714,
11,11,Terengganu,Semenanjung Malaysia,0,0,0,0,0,0,0,0,0,0,0,0,0,0,0,0,0,0,0,0,0,0,0,0,0,0,0,0,0,0,0,0,0,0,0,0,0,0,0,0,0,0,0,0,0,0,0,0,0,0,0,0,0,0,0,0,0,0,0,0,0,0,0,0,0,0,0,0,0,0,0,0,0,0,0,0,19,0,0,2,1,0,3,1,11,0,7,3,3,1,3,0,10,1,4,5,2,0,5,1,0,4,0,1,3,6,0,2,2,0,2,1,0,1,2,1,0,0,0,1,0,0,1,1,0,0,0,0,0,0,0,0,0,0,0,0,0,0,0,0,0,0,0,0,0,0,0,0,0,0,0,0,0,0,0,0,0,0,0,0,0,0,0,0,0,0,0,0,0,0,0,0,0,0,0,0,0,0,0,0,0,0,0,0,0,0,1,0,2,0,0,0,0,0,0,0,0,0,0,0,0,0,0,0,0,0,0,0,0,0,0,0,0,0,0,0,0,0,0,0,0,0,0,0,0,0,0,0,0,0,0,0,0,0,0,0,0,0,0,0,0,0,0,0,0,0,0,0,0,0,0,0,0,0,0,0,0,1,0,3,1,1,1,2,7,1,0,0,5,1,4,2,4,1,0,0,1,0,0,3,0,2,0,1,0,1,3,6,2,0,13,10,3,6,4,2,2,0,7,4,1,2,0,0,4,0,0,0,4,0,1,0,4,0,1,0,0,1,0,0,0,1,0,0,0,0,2,0,1,2,7,16,9,3,2,2,3,1,2,0,1,1,3,1,3,2,0,6,15,13,9,10,8,4,8,20,28,20,33,26,19,35,83,59,70,26,33,15,108,34,92,118,64,74,38,113,153,106,132,99,49,61,30,51,45,61,101,53,28,121,22,38,25,50,43,49,63,46,11,30,35,27,33,71,18,17,7,6,12,7,14,11,3,14,30,6,8,11,40,4,5,15,20,23,38,23,18,19,2,23,37,3,3,14,1,2,5,1,3,1,4,5,7,3,7,3,8,7,13,37,34,40,31,56,17,5,5,24,20,9,21,38,5,8,13,18,15,53,31,27,32,170,36,41,71,72,68,72,76,72,35,114,84,95,52,106,53,63,458,151,149,74,234,203,116,272,203,145,68,225,400,214,278,127,382,346,180,195,137,117,81,82,82,63,104,62,54,60,38,52,23,21,41,32,14,38,31,9,29,35,38,42,32,23,38,49,62,39,47,81,33,125,62,91,31,179,36,173,243,145,129,308,217,171,319,409,140,369,313,308,359,546,11,656,625,579,66,989,526,416,294,550,479,533,507,668,578,424,590,441,389,481,286,479,505,573,584,531,242,595,472,555,521,664,570,1151,473,620,770,385,285,1502,186,1389,212,218,1071,707,783,1037,944,874,662,951,1033,723,669,959,781,563,485,865,571,1098,783,630,570,839,602,775,516,495,497,804,686,555,92,731,507,375,112,498,248,472,182,488,300,209,386,283,391,201,401,291,242,227,252,240,144,269,281,128,140,330,113,184,414,166,317,130,246,280,236,394,286,210,187,214,213,166,183,206,129,175,203,133,215,301,200,223,184,176,278,121,279,127,175,239,188,80,111,83,187,159,195,160,290,262,407,247,155,168,158,141,144,209,102,129,151,367,151,126,129,49,171,81,75,93,102,70,59,38,85,74,68,70,56,47,49,41,60,23,105,73,75,67,76,68,31,103,103,223,118,87,414,275,121,360,420,362,349,517,644,477,908,519,842,417,716,627,836,722,634,768,680,842,957,955,782,1142,813,1088,1490,847,1417,1215,1006,863,1040,913,673,928,865,752,397,596,555,491,481,340,363,399,190,426,397,313,269,289,229,218,251,249,434,261,209,135,221,248,168,158,152,131,139,120,218,117,49,37,21,60,32,39,11,12,25,16,14,18,21,16,20,20,36,25,55,35,18,40,23,15,17,29,19,13,9,7,12,10,8,12,11,14,8,9,5,6,11,17,9,9,14,5,7,7,8,13,9,6,12,18,
12,12,Sabah,Sabah dan Sarawak,0,0,0,0,0,0,0,0,0,0,0,0,0,0,0,0,0,0,0,0,0,0,0,0,0,0,0,0,0,0,0,0,0,0,0,0,0,0,0,0,0,0,0,0,0,0,0,0,0,0,0,0,0,0,0,0,0,0,0,0,0,0,0,3,0,8,0,1,0,0,2,0,35,11,0,27,10,7,0,0,16,5,21,0,22,0,22,1,12,2,3,0,4,7,0,4,17,19,0,0,4,1,3,5,2,6,0,7,1,0,0,2,0,1,1,0,0,1,1,0,0,0,1,0,8,3,7,3,3,0,0,2,1,1,0,0,0,1,2,1,0,0,4,1,0,3,11,0,3,1,0,0,0,1,0,1,0,2,2,0,0,0,0,3,2,1,1,0,3,1,0,1,1,1,0,0,0,0,0,1,0,0,1,0,1,1,0,0,0,0,1,1,0,2,2,3,1,3,0,3,0,0,0,0,2,0,1,1,0,0,2,0,0,1,0,0,1,1,0,0,1,0,0,1,7,0,0,0,0,0,0,6,0,0,0,2,1,13,43,32,7,162,22,57,16,78,39,45,39,25,39,63,108,50,54,51,61,10,162,58,46,56,315,215,113,111,236,222,226,433,306,251,246,449,289,515,366,294,458,277,880,658,446,550,472,467,223,781,512,968,356,553,543,447,358,566,374,526,237,421,301,369,398,414,832,1943,2128,732,274,316,459,401,260,409,405,264,193,299,237,387,268,233,281,245,434,400,458,263,274,341,266,318,394,284,230,244,214,219,248,221,212,162,232,281,234,156,201,192,210,298,337,236,307,331,304,276,372,376,337,438,369,416,381,650,434,393,400,403,418,311,475,407,392,358,348,338,547,484,228,320,256,255,174,173,266,174,220,167,164,403,131,87,112,156,122,21,189,127,131,178,162,73,85,94,94,93,105,92,124,121,57,78,88,77,158,126,70,81,47,78,41,47,78,42,24,85,66,47,44,32,82,39,61,44,36,70,43,60,64,59,53,61,88,61,86,82,77,119,90,82,88,83,94,159,184,120,102,178,140,189,115,162,93,94,105,109,73,141,111,98,71,102,91,56,51,99,101,48,104,111,67,45,62,55,49,87,89,81,134,136,153,131,231,199,213,201,245,195,208,256,315,274,212,234,210,329,390,289,225,350,253,378,245,260,319,337,220,273,142,152,168,219,186,188,165,148,120,232,200,227,203,230,136,246,306,244,303,207,344,238,236,231,285,311,266,370,365,537,488,652,527,649,537,485,577,579,699,413,619,770,653,463,858,939,1221,626,785,844,1227,1517,638,828,2037,1756,1153,903,1743,830,2023,2554,2272,1136,1748,3041,2621,2345,3355,1729,1951,2921,3506,1587,5191,3628,3059,2009,1943,2085,2141,1943,1098,3494,1775,1912,2129,1837,1504,446,245,2433,3394,1273,1388,1236,1147,1077,1108,1196,2510,1210,1491,948,927,950,695,1639,328,1151,650,824,713,1216,940,650,1015,525,610,620,578,565,820,487,462,558,839,90,608,536,436,381,484,582,540,960,788,401,398,464,550,530,461,529,398,540,476,555,522,551,476,378,928,433,580,461,123,896,364,475,455,544,388,450,399,321,325,411,361,336,362,295,272,313,246,421,242,266,280,757,177,206,157,123,478,210,371,111,145,150,103,507,102,112,215,170,160,175,219,288,119,135,245,104,58,327,174,429,173,116,171,134,242,177,198,136,169,213,214,217,252,149,360,556,323,338,368,330,390,351,513,476,620,893,1461,1211,1695,2151,3506,4106,2633,3329,3383,3164,3435,4400,3912,9173,366,4301,3985,3684,3325,4106,3494,3060,2532,1824,1810,1763,2052,1644,1396,1222,1018,991,1094,883,926,1309,1429,1248,1301,1467,601,1701,1414,761,911,971,672,290,214,207,158,15,451,192,218,462,336,789,567,468,410,578,293,534,502,417,464,308,286,342,245,358,225,407,127,223,196,162,164,109,53,108,132,105,74,27,133,161,96,46,1,163,170,113,67,75,56,30,45,93,98,64,34,62,67,29,59,110,131,59,58,52,9,64,46,50,9,2,102,77,48,5,60,63,60,122,13,53,
13,13,Sarawak,Sabah dan Sarawak,0,0,0,0,0,0,0,0,0,0,0,0,0,0,0,0,0,0,0,0,0,0,0,0,0,0,0,0,0,0,0,0,0,0,0,0,0,0,0,0,0,0,0,0,0,0,0,0,0,0,0,0,0,0,0,0,0,0,0,0,0,0,0,2,5,1,0,0,7,0,3,0,9,7,6,9,1,5,0,1,2,0,5,0,2,10,1,3,4,28,44,0,30,16,12,0,14,0,56,11,20,9,21,2,6,12,9,9,6,15,8,6,22,4,4,1,1,16,4,4,3,2,0,1,8,12,2,8,0,1,2,4,0,1,1,0,0,1,5,0,2,0,1,0,0,7,0,1,0,0,0,0,2,0,0,0,0,1,6,0,1,0,1,3,2,0,0,1,0,0,0,2,0,0,0,0,0,0,2,0,0,0,5,2,0,2,1,1,14,3,9,3,8,12,4,5,19,0,12,1,0,0,0,0,0,2,2,0,1,0,0,0,0,0,0,0,0,0,0,0,0,0,0,5,0,0,6,2,0,0,1,1,0,0,0,3,0,0,0,0,0,0,0,0,0,0,0,1,0,0,0,0,0,0,1,0,1,0,0,0,1,9,0,2,0,6,5,1,2,0,2,6,1,2,1,5,5,0,4,5,1,0,14,2,14,4,28,5,5,7,19,16,20,3,15,17,5,2,13,16,9,1,5,5,10,17,7,6,2,0,4,13,0,2,1,1,0,1,2,3,0,2,0,0,1,0,2,1,3,1,1,3,4,0,1,0,1,0,0,2,4,1,2,2,0,0,6,1,2,0,7,2,4,18,4,8,13,10,28,7,19,31,3,47,249,103,49,12,205,237,149,176,53,272,163,122,291,232,146,109,160,176,109,156,181,93,160,229,145,241,147,137,60,198,81,252,147,244,166,258,216,172,220,165,279,178,210,188,222,207,154,262,233,226,168,200,208,222,231,193,211,169,237,191,124,187,239,281,206,215,201,141,411,232,230,253,226,225,151,215,261,384,323,198,316,238,233,349,458,469,358,418,464,520,619,665,464,567,665,442,504,874,567,466,460,389,418,455,703,526,720,599,508,535,536,581,321,527,429,538,345,474,507,436,362,357,496,460,368,590,556,626,471,554,456,603,691,582,167,1023,578,595,702,640,473,709,568,755,614,541,775,663,617,545,756,709,556,710,597,477,686,714,539,587,534,667,501,410,482,375,474,444,488,368,360,260,291,462,331,357,426,330,265,265,318,377,288,245,308,440,341,330,327,311,253,366,375,292,604,391,395,402,465,565,444,673,470,420,586,470,645,754,637,574,700,632,534,826,720,1196,700,854,1102,1430,1091,1465,1416,2759,2241,1969,1771,1577,1675,2158,2244,2702,2861,2328,2437,2368,3053,2402,2907,3777,3662,3366,2973,3036,3244,3616,4752,3385,2145,4623,3734,3364,2915,2809,3471,3633,1934,1790,2591,2625,2570,2620,2224,2772,2323,2256,2106,1381,1159,1303,1482,1365,891,1361,1167,883,773,1035,1004,860,940,697,673,755,671,443,707,863,704,514,702,697,620,519,550,556,504,459,451,488,481,411,415,353,371,392,379,349,327,257,266,242,275,276,216,244,228,136,175,188,121,128,110,131,62,59,152,69,101,94,55,66,78,45,66,61,69,50,50,40,42,41,26,40,30,25,31,24,35,17,27,26,20,20,25,19,17,17,23,20,28,24,10,19,12,17,9,17,23,18,17,12,8,13,18,16,11,8,21,22,21,19,19,23,29,26,30,36,51,24,67,64,116,155,197,268,192,283,235,237,301,302,324,460,411,309,484,435,471,602,473,563,474,1242,1300,1207,1397,1457,1272,901,1918,1744,1946,1791,1413,1368,873,1968,1411,1554,1269,1141,847,819,1511,1197,1325,922,923,614,480,819,919,683,672,472,408,488,491,382,363,333,212,169,232,278,272,197,126,118,83,155,133,137,126,134,99,55,107,98,97,67,68,60,38,29,29,27,33,59,34,35,69,67,55,58,38,27,23,41,55,53,48,57,30,22,45,41,66,44,34,26,20,46,20,12,36,23,17,19,20,60,63,39,44,39,
14,14,W.P. Kuala Lumpur,Semenanjung Malaysia,0,0,0,0,0,0,0,0,0,0,0,0,0,0,0,1,0,0,0,0,0,0,0,0,0,0,0,0,0,0,2,0,0,1,0,0,0,0,0,1,0,0,1,0,0,0,0,2,0,0,1,0,0,5,3,3,13,6,5,5,7,3,7,12,13,15,6,31,13,11,7,0,31,18,30,3,68,24,7,27,49,40,11,18,29,30,9,16,25,30,18,51,8,17,32,14,13,0,11,34,23,27,56,24,50,15,18,29,28,10,37,28,13,10,7,18,15,13,14,10,2,12,5,3,21,24,16,6,15,34,42,12,21,7,4,8,272,16,9,7,93,5,8,295,25,54,17,40,0,6,4,14,9,0,1,1,2,6,0,19,1,0,0,0,0,1,0,0,0,0,0,0,0,2,0,1,0,0,2,2,0,0,2,2,0,0,0,1,1,0,3,0,0,1,1,1,6,2,5,2,2,0,0,1,10,2,7,8,5,1,1,2,5,4,3,5,12,3,1,5,2,2,1,3,2,0,0,0,5,14,8,0,0,0,2,9,4,1,6,4,0,0,2,1,5,2,5,0,1,0,1,7,2,1,0,17,2,1,9,0,11,5,2,0,12,12,7,9,15,27,10,11,7,7,9,12,11,12,11,14,8,18,12,15,10,34,34,7,26,15,13,6,12,14,25,16,17,17,28,50,108,395,291,135,162,30,54,39,44,155,139,44,23,166,39,285,314,61,164,81,144,120,222,122,73,37,53,97,58,114,72,55,42,33,102,166,106,75,194,93,63,248,895,836,921,120,191,102,610,528,53,118,34,133,57,366,275,227,288,291,385,202,141,205,367,107,262,643,209,699,324,328,582,733,852,877,185,234,175,798,226,557,586,614,97,529,669,609,894,245,471,511,873,458,622,358,432,372,318,344,223,341,276,108,174,165,175,338,144,218,53,178,161,131,155,91,114,65,83,110,72,74,120,23,79,79,64,147,63,72,81,67,134,82,95,176,77,49,77,40,79,97,62,32,47,44,125,79,74,82,146,100,143,238,153,168,169,153,178,168,178,162,319,182,203,361,118,295,308,253,247,284,322,413,362,311,320,379,133,404,320,482,492,587,329,293,481,505,468,416,472,401,367,528,601,599,584,601,431,465,565,780,588,812,757,612,419,769,682,799,824,695,434,451,387,770,698,872,537,467,494,586,547,701,889,512,523,318,597,440,578,739,573,534,441,1131,539,886,556,571,556,743,1434,925,1118,1268,1378,1220,660,1516,1709,1451,1523,1727,970,676,1596,1137,1575,2020,2273,1909,1485,2365,2839,2096,2148,1935,2092,1546,2364,2419,2113,2507,2399,1870,1587,2345,2032,2348,2045,1920,1402,1393,1678,1531,1403,1593,1174,959,948,1252,1081,844,1035,1068,675,681,1026,568,679,704,667,575,404,604,491,474,459,529,371,396,417,327,444,357,321,396,294,305,331,362,252,297,257,138,226,303,250,257,149,238,165,220,221,239,323,276,195,203,229,293,294,218,283,197,224,262,207,335,296,244,165,202,333,248,267,301,307,218,215,244,215,289,246,276,224,175,399,271,358,428,312,285,205,331,379,371,329,308,222,198,432,384,432,377,328,194,179,373,335,383,368,221,220,236,360,321,320,357,326,198,218,296,302,286,287,224,182,181,255,276,202,207,153,144,138,215,217,236,227,191,136,389,237,252,242,264,290,251,283,301,401,330,259,272,195,153,260,259,340,332,648,615,388,415,486,550,510,363,442,379,353,729,601,484,370,1020,1062,1042,1090,1036,1021,997,1229,1708,1451,1938,1418,883,1339,2169,2079,2676,1674,1106,985,1744,2079,2860,4103,3607,2693,2179,4519,3079,2953,3358,2365,1577,2252,2856,3530,3286,2721,3045,1644,1417,3404,1977,2404,1590,1816,1378,1317,1407,1396,1370,1493,1123,670,943,918,1081,961,1060,696,436,990,713,881,677,666,502,444,825,454,645,703,560,434,352,501,423,458,375,190,196,165,121,114,152,283,288,259,260,327,572,454,499,365,336,370,221,383,410,407,345,332,111,410,366,273,219,285,185,217,287,387,315,380,296,264,262,169,390,368,486,410,218,
15,15,W.P. Labuan,Sabah dan Sarawak,0,0,0,0,0,0,0,0,0,0,0,0,0,0,0,0,0,0,0,0,0,0,0,0,0,0,0,0,0,0,0,0,0,0,0,0,0,0,0,0,0,0,0,0,0,0,0,0,0,0,0,0,0,0,0,0,0,0,0,0,0,0,0,0,0,1,0,0,0,0,0,0,0,0,0,0,0,9,0,0,0,1,0,0,1,0,1,0,0,0,0,1,0,0,0,0,0,0,2,0,0,0,0,0,0,0,0,0,0,0,0,0,0,0,0,0,0,0,0,0,0,0,0,0,0,0,0,0,0,0,0,0,0,0,0,0,0,0,0,0,0,0,0,0,0,0,0,0,1,0,0,0,0,0,0,0,0,0,0,0,0,0,0,0,0,0,0,0,0,0,0,0,0,0,0,0,0,0,0,0,0,0,0,0,0,0,0,0,0,0,0,0,0,0,0,1,0,1,0,0,0,0,0,0,0,1,0,0,1,0,0,0,0,0,0,0,0,0,0,0,1,0,0,0,0,0,0,0,0,0,0,0,0,0,0,1,0,0,0,0,0,0,0,0,0,0,0,0,0,0,0,0,0,0,0,0,0,1,0,0,0,0,1,0,0,8,0,0,1,10,0,0,0,0,5,31,4,0,18,1,10,27,50,20,66,15,0,83,78,48,45,25,43,75,54,66,9,45,25,19,16,13,9,15,5,0,7,7,10,8,22,17,8,11,14,25,11,12,6,1,230,9,5,6,0,22,4,5,10,4,12,15,5,9,21,14,17,32,18,7,12,12,7,17,9,8,13,24,11,18,8,8,12,25,3,7,5,13,7,14,11,24,13,9,22,22,1,7,0,42,6,18,30,5,11,20,29,27,14,11,14,12,8,1,5,10,6,4,5,7,6,5,2,3,0,1,1,2,5,0,3,3,0,7,3,1,1,1,2,0,0,0,3,5,1,1,0,0,0,4,1,1,1,0,2,3,1,2,8,6,1,2,8,4,0,5,5,1,2,2,11,23,14,7,0,15,7,1,0,4,2,1,3,3,1,4,7,7,1,0,3,4,2,2,1,1,0,3,6,0,0,7,5,3,5,2,0,2,4,0,8,4,9,8,5,10,0,8,1,3,12,0,1,44,20,6,83,40,67,128,42,160,149,83,208,86,179,169,162,110,150,305,191,242,168,174,165,136,160,93,171,192,46,56,136,184,173,107,120,160,118,104,134,90,124,103,134,98,222,64,83,54,26,67,98,55,84,60,66,40,33,33,19,30,12,23,17,16,20,13,5,25,11,16,10,4,4,5,1,7,7,10,6,1,6,4,6,9,0,7,4,2,0,1,4,12,1,3,14,0,0,7,14,3,1,2,0,2,5,5,10,4,5,1,0,7,14,8,1,4,6,7,4,19,7,11,1,2,1,9,2,6,5,1,0,4,5,0,2,1,6,0,2,4,5,1,1,0,2,1,0,1,22,4,4,3,6,1,1,7,4,15,6,4,3,5,5,15,21,8,9,5,4,18,17,12,13,21,3,12,19,19,20,25,12,6,15,35,31,27,14,24,5,10,14,7,16,17,5,0,33,17,24,9,26,0,19,4,20,6,10,12,6,0,24,5,4,3,3,2,4,5,4,10,10,3,8,7,3,13,18,6,13,19,8,11,13,7,21,10,12,9,7,5,1,4,6,5,5,3,8,5,3,2,0,3,6,5,0,14,23,32,19,48,11,0,192,143,137,107,34,43,69,167,321,317,1013,929,677,627,329,246,77,363,402,248,438,219,0,0,580,126,104,143,0,305,148,154,73,1,35,68,86,66,143,74,57,91,45,63,0,133,0,100,43,0,0,76,16,39,16,21,25,16,13,18,6,1,7,3,2,10,5,4,6,5,6,14,11,9,2,10,2,4,2,0,3,0,0,0,7,7,7,18,1,1,9,0,11,18,0,7,5,0,2,1,0,9,4,0,1,1,0,0,0,0,0,1,1,1,6,1,0,0,3,3,0,0,0,0,
16,16,W.P. Putrajaya,Semenanjung Malaysia,0,0,0,0,0,0,0,0,0,0,0,0,0,0,0,0,0,0,0,0,0,0,0,0,0,0,0,0,0,0,0,0,0,0,0,0,0,0,0,0,0,0,0,0,0,0,0,0,0,1,0,0,0,0,0,0,0,1,0,1,2,0,0,0,0,0,0,0,1,1,2,0,3,0,0,0,6,5,1,0,3,3,1,1,1,1,0,0,1,0,5,6,1,0,0,0,1,0,3,0,0,3,9,0,1,3,2,5,4,0,1,0,0,1,1,0,1,0,0,0,1,0,0,0,0,0,1,0,0,1,0,0,0,0,0,0,0,0,0,0,0,2,0,1,2,2,1,2,0,0,0,1,0,0,0,0,0,0,0,0,0,0,0,0,0,0,0,0,0,0,0,0,0,0,0,0,0,0,0,0,0,0,1,0,0,0,0,0,0,0,0,0,0,0,0,0,0,0,0,0,0,0,0,0,0,0,0,0,0,1,0,0,0,0,0,0,0,0,0,0,0,0,0,0,0,0,0,0,0,0,0,0,0,0,0,0,0,0,0,0,0,0,0,0,0,0,0,0,0,0,0,0,0,0,0,0,0,0,0,0,6,0,0,0,1,0,4,0,1,1,3,0,1,1,1,2,1,0,1,7,0,0,0,1,3,4,5,0,3,4,1,8,6,4,0,3,1,0,0,3,0,6,0,2,7,0,1,0,0,1,1,0,1,1,3,2,1,0,1,0,0,1,1,2,0,3,0,1,4,0,1,1,2,1,1,1,6,1,6,3,0,4,5,3,1,11,3,2,3,2,9,6,0,9,3,10,22,12,13,9,30,6,15,30,13,22,14,35,19,48,25,22,52,25,21,17,13,6,9,25,3,22,16,16,4,6,21,11,17,2,12,12,13,4,11,10,5,5,8,3,3,8,4,1,1,1,10,2,12,7,1,8,2,2,3,0,1,4,0,3,4,3,2,0,1,5,0,1,2,1,0,0,1,1,3,4,0,1,6,8,2,3,1,0,8,5,5,13,12,9,16,3,12,9,7,11,7,9,8,1,3,12,13,4,4,6,2,7,9,9,2,15,14,12,10,8,12,20,1,9,14,8,6,18,18,10,12,7,4,26,22,17,23,21,18,39,29,11,27,28,14,25,18,35,18,15,25,23,3,30,15,14,25,15,8,15,8,7,14,4,14,10,3,11,19,8,12,14,13,4,10,13,18,20,20,21,16,4,11,10,12,20,29,28,36,19,5,74,43,75,35,6,59,41,48,54,50,52,93,42,62,51,97,123,70,82,100,116,69,42,75,51,53,114,57,70,62,71,47,52,62,52,52,42,47,30,21,30,43,24,42,30,2,38,27,42,37,43,29,34,25,37,24,25,18,18,32,22,20,29,27,11,13,16,20,23,23,19,10,33,34,14,34,40,26,20,20,22,27,28,25,30,21,23,28,47,45,16,34,37,32,17,35,30,40,21,19,26,8,22,43,26,28,21,42,14,30,46,22,32,38,33,20,53,51,39,24,28,52,13,77,76,69,72,50,53,25,35,79,83,30,63,79,39,37,61,57,53,40,38,38,53,36,34,32,22,34,25,33,54,28,14,32,21,20,28,26,30,20,27,35,18,31,25,25,20,11,20,23,22,25,17,17,11,33,24,38,27,14,14,31,46,35,23,32,7,12,15,17,20,19,46,52,67,36,43,49,57,40,30,59,22,43,81,111,64,104,142,202,181,188,122,106,124,109,143,187,203,175,162,162,187,116,153,184,174,201,132,170,134,186,135,172,182,197,144,141,231,190,122,163,184,179,154,140,127,129,98,66,70,88,128,92,38,51,57,64,73,84,68,60,53,69,48,35,29,10,33,23,55,29,59,32,16,13,47,51,60,103,82,72,22,64,37,56,42,26,11,14,26,21,3,17,38,7,4,25,182,79,88,53,15,38,32,39,46,65,55,36,38,20,38,49,57,31,29,35,22,39,57,26,33,24,16,6,16,80,60,52,15,
