Bil.,Kod Negeri,Nama negeri,,25/1/2021,26/1/2021,27/1/2021,28/1/2020,29/1/2020,30/1/2020,31/1/2020,1/2/2020,2/2/2020,3/2/2020,4/2/2020,5/2/2020,6/2/2020,7/2/2020,8/2/2020,9/2/2020,10/2/2020,11/2/2020,12/2/2020,13/2/2020,14/2/2020,15/2/2020,16/2/2020,17/2/2020,18/2/2020,19/2/2020,20/2/2020,21/2/2020,22/2/2020,23/2/2020,24/2/2020,25/2/2020,26/2/2020,27/2/2020,28/2/2020,29/2/2020,1/3/2020,2/3/2020,3/3/2020,4/3/2020,5/3/2020,6/3/2020,7/3/2020,8/3/2020,9/3/2020,10/3/2020,11/3/2020,12/3/2020,13/3/2020,14/3/2020,15/3/2020,16/3/2020,17/3/2020,18/3/2020,19/3/2020,20/3/2020,21/3/2020,22/3/2020,23/3/2020,24/3/2020,25/3/2020,26/3/2020,27/3/2020,28/3/2020,29/3/2020,30/3/2020,31/3/2020,1/4/2020,2/4/2020,3/4/2020,4/4/2020,5/4/2020,6/4/2020,7/4/2020,8/4/2020,9/4/2020,10/4/2020,11/4/2020,12/4/2020,13/4/2020,14/4/2020,15/4/2020,16/4/2020,17/4/2020,18/4/2020,19/4/2020,20/4/2020,21/4/2020,22/4/2020,23/4/2020,24/4/2020,25/4/2020,26/4/2020,27/4/2020,28/4/2020,29/4/2020,30/4/2020,1/5/2020,2/5/2020,3/5/2020,4/5/2020,5/5/2020,6/5/2020,7/5/2020,8/5/2020,9/5/2020,10/5/2020,11/5/2020,12/5/2020,13/5/2020,14/5/2020,15/5/2020,16/5/2020,17/5/2020,18/5/2020,19/5/2020,20/5/2020,21/5/2020,22/5/2020,23/5/2020,24/5/2020,25/5/2020,26/5/2020,27/5/2020,28/5/2020,29/5/2020,30/5/2020,31/5/2020,1/6/2020,2/6/2020,3/6/2020,4/6/2020,5/6/2020,6/6/2020,7/6/2020,8/6/2020,9/6/2020,10/6/2020,11/6/2020,12/6/2020,13/6/2020,14/6/2020,15/6/2020,16/6/2020,17/6/2020,18/6/2020,19/6/2020,20/6/2020,21/6/2020,22/6/2020,23/6/2020,24/6/2020,25/6/2020,26/6/2020,27/6/2020,28/6/2020,29/6/2020,30/6/2020,1/7/2020,2/7/2020,3/7/2020,4/7/2020,5/7/2020,6/7/2020,7/7/2020,8/7/2020,9/7/2020,10/7/2020,11/7/2020,12/7/2020,13/7/2020,14/7/2020,15/7/2020,16/7/2020,17/7/2020,18/7/2020,19/7/2020,20/7/2020,21/7/2020,22/7/2020,23/7/2020,24/7/2020,25/7/2020,26/7/2020,27/7/2020,28/7/2020,29/7/2020,30/7/2020,31/7/2020,1/8/2020,2/8/2020,3/8/2020,4/8/2020,5/8/2020,6/8/2020,7/8/2020,8/8/2020,9/8/2020,10/8/2020,11/8/2020,12/8/2020,13/8/2020,14/8/2020,15/8/2020,16/8/2020,17/8/2020,18/8/2020,19/8/2020,20/8/2020,21/8/2020,22/8/2020,23/8/2020,24/8/2020,25/8/2020,26/8/2020,27/8/2020,28/8/2020,29/8/2020,30/8/2020,31/8/2020,1/9/2020,2/9/2020,3/9/2020,4/9/2020,5/9/2020,6/9/2020,7/9/2020,8/9/2020,9/9/2020,10/9/2020,11/9/2020,12/9/2020,13/9/2020,14/9/2020,15/9/2020,16/9/2020,17/9/2020,18/9/2020,19/9/2020,20/9/2020,21/9/2020,22/9/2020,23/9/2020,24/9/2020,25/9/2020,26/9/2020,27/9/2020,28/9/2020,29/9/2020,30/9/2020,1/10/2020,2/10/2020,3/10/2020,4/10/2020,5/10/2020,6/10/2020,7/10/2020,8/10/2020,9/10/2020,10/10/2020,11/10/2020,12/10/2020,13/10/2020,14/10/2020,15/10/2020,16/10/2020,17/10/2020,18/10/2020,19/10/2020,20/10/2020,21/10/2020,22/10/2020,23/10/2020,24/10/2020,25/10/2020,26/10/2020,27/10/2020,28/10/2020,29/10/2020,30/10/2020,31/10/2020,1/11/2020,2/11/2020,3/11/2020,4/11/2020,5/11/2020,6/11/2020,7/11/2020,8/11/2020,9/11/2020,10/11/2020,11/11/2020,12/11/2020,13/11/2020,14/11/2020,15/11/2020,16/11/2020,17/11/2020,18/11/2020,19/11/2020,20/11/2020,21/11/2020,22/11/2020,23/11/2020,24/11/2020,25/11/2020,26/11/2020,27/11/2020,28/11/2020,29/11/2020,30/11/2020,1/12/2020,2/12/2020,3/12/2020,4/12/2020,5/12/2020,6/12/2020,7/12/2020,8/12/2020,9/12/2020,10/12/2020,11/12/2020,12/12/2020,13/12/2020,14/12/2020,15/12/2020,16/12/2020,17/12/2020,18/12/2020,19/12/2020,20/12/2020,21/12/2020,22/12/2020,23/12/2020,24/12/2020,25/12/2020,26/12/2020,27/12/2020,28/12/2020,29/12/2020,30/12/2020,31/12/2020,1/1/2021,2/1/2021,3/1/2021,4/1/2021,5/1/2021,6/1/2021,7/1/2021,8/1/2021,9/1/2021,10/1/2021,11/1/2021,12/1/2021,13/1/2021,14/1/2021,15/1/2021,16/1/2021,17/1/2021,18/1/2021,19/1/2021,20/1/2021,21/1/2021,22/1/2021,23/1/2021,24/1/2021,25/1/2021,26/1/2021,27/1/2021,28/1/2021,29/1/2021,30/1/2021,31/1/2021,1/2/2021,2/2/2021,3/2/2021,4/2/2021,5/2/2021,6/2/2021,7/2/2021,8/2/2021,9/2/2021,10/2/2021,11/2/2021,12/2/2021,13/2/2021,14/2/2021,15/2/2021,16/2/2021,17/2/2021,18/2/2021,19/2/2021,20/2/2021,21/2/2021,22/2/2021,23/2/2021,24/2/2021,25/2/2021,26/2/2021,27/2/2021,28/2/2021,1/3/2021,2/3/2021,3/3/2021,4/3/2021,5/3/2021,6/3/2021,7/3/2021,8/3/2021,9/3/2021,10/3/2021,11/3/2021,12/3/2021,13/3/2021,14/3/2021,15/3/2021,16/3/2021,17/3/2021,18/3/2021,19/3/2021,20/3/2021,21/3/2021,22/3/2021,23/3/2021,24/3/2021,25/3/2021,26/3/2021,27/3/2021,28/3/2021,29/3/2021,30/3/2021,31/3/2021,1/4/2021,2/4/2021,3/4/2021,4/4/2021,5/4/2021,6/4/2021,7/4/2021,8/4/2021,9/4/2021,10/4/2021,11/4/2021,12/4/2021,13/4/2021,14/4/2021,15/4/2021,16/4/2021,17/4/2021,18/4/2021,19/4/2021,20/4/2021,21/4/2021,22/4/2021,23/4/2021,24/4/2021,25/4/2021,26/4/2021,27/4/2021,28/4/2021,29/4/2021,30/4/2021,1/5/2021,2/5/2021,3/5/2021,4/5/2021,5/5/2021,6/5/2021,7/5/2021,8/5/2021,9/5/2021,10/5/2021,11/5/2021,12/5/2021,13/5/2021,14/5/2021,15/5/2021,16/5/2021,17/5/2021,18/5/2021,19/5/2021,20/5/2021,21/5/2021,22/5/2021,23/5/2021,24/5/2021,25/5/2021,26/5/2021,27/5/2021,28/5/2021,29/5/2021,30/5/2021,31/5/2021,1/6/2021,2/6/2021,3/6/2021,4/6/2021,5/6/2021,6/6/2021,7/6/2021,8/6/2021,9/6/2021,10/6/2021,11/6/2021,12/6/2021,13/6/2021,14/6/2021,15/6/2021,16/6/2021,17/6/2021,18/6/2021,19/6/2021,20/6/2021,21/6/2021,22/6/2021,23/6/2021,24/6/2021,25/6/2021,26/6/2021,27/6/2021,28/6/2021,29/6/2021,30/6/2021,1/7/2021,2/7/2021,3/7/2021,4/7/2021,5/7/2021,6/7/2021,7/7/2021,8/7/2021,9/7/2021,10/7/2021,11/7/2021,12/7/2021,13/7/2021,14/7/2021,15/7/2021,16/7/2021,17/7/2021,18/7/2021,19/7/2021,20/7/2021,21/7/2021,22/7/2021,23/7/2021,24/7/2021,25/7/2021,26/7/2021,27/7/2021,28/7/2021,29/7/2021,30/7/2021,31/7/2021,1/8/2021,2/8/2021,3/8/2021,4/8/2021,5/8/2021,6/8/2021,7/8/2021,8/8/2021,9/8/2021,10/8/2021,11/8/2021,12/8/2021,13/8/2021,14/8/2021,15/8/2021,16/8/2021,17/8/2021,18/8/2021,19/8/2021,20/8/2021,21/8/2021,22/8/2021,23/8/2021,24/8/2021,25/8/2021,26/8/2021,27/8/2021,28/8/2021,29/8/2021,30/8/2021,31/8/2021,1/9/2021,2/9/2021,3/9/2021,4/9/2021,5/9/2021,6/9/2021,7/9/2021,8/9/2021,9/9/2021,10/9/2021,11/9/2021,12/9/2021,13/9/2021,14/9/2021,15/9/2021,16/9/2021,17/9/2021,18/9/2021,19/9/2021,20/9/2021,21/9/2021,22/9/2021,23/9/2021,24/9/2021,25/9/2021,26/9/2021,27/9/2021,28/9/2021,29/9/2021,30/9/2021,1/10/2021,2/10/2021,3/10/2021,4/10/2021,5/10/2021,6/10/2021,7/10/2021,8/10/2021,9/10/2021,10/10/2021,11/10/2021,12/10/2021,13/10/2021,14/10/2021,15/10/2021,16/10/2021,17/10/2021,18/10/2021,19/10/2021,20/10/2021,21/10/2021,22/10/2021,23/10/2021,24/10/2021,25/10/2021,26/10/2021,27/10/2021,28/10/2021,29/10/2021,30/10/2021,31/10/2021,1/11/2021,2/11/2021,3/11/2021,4/11/2021,5/11/2021,6/11/2021,7/11/2021,8/11/2021,9/11/2021,10/11/2021,11/11/2021,12/11/2021,13/11/2021,14/11/2021,15/11/2021,16/11/2021,17/11/2021,18/11/2021,19/11/2021,20/11/2021,21/11/2021,22/11/2021,23/11/2021,24/11/2021,25/11/2021,26/11/2021,27/11/2021,28/11/2021,29/11/2021,30/11/2021,1/12/2021,2/12/2021,3/12/2021,4/12/2021,5/12/2021,6/12/2021,7/12/2021,8/12/2021,9/12/2021,10/12/2021,11/12/2021,12/12/2021,13/12/2021,14/12/2021,15/12/2021,16/12/2021,17/12/2021,18/12/2021,19/12/2021,20/12/2021,21/12/2021,22/12/2021,23/12/2021,24/12/2021,25/12/2021,26/12/2021,27/12/2021,28/12/2021,29/12/2021,30/12/2021,31/12/2021,1/1/2022,2/1/2022,3/1/2022,4/1/2022,5/1/2022,6/1/2022,7/1/2022,8/1/2022,9/1/2022,10/1/2022,11/1/2022,12/1/2022,13/1/2022,14/1/2022,15/1/2022,16/1/2022,17/1/2022,18/1/2022,19/1/2022,20/1/2022,21/1/2022,22/1/2022,23/1/2022,24/1/2022,25/1/2022,26/1/2022,27/1/2022,28/1/2022,29/1/2022,30/1/2022,31/1/2022,1/2/2022,2/2/2022,3/2/2022,4/2/2022,5/2/2022,6/2/2022,7/2/2022,8/2/2022,9/2/2022,10/2/2022,11/2/2022,12/2/2022,13/2/2022,14/2/2022,15/2/2022,16/2/2022,17/2/2022,18/2/2022,19/2/2022,20/2/2022,21/2/2022,22/2/2022,23/2/2022,24/2/2022,25/2/2022,26/2/2022,27/2/2022,28/2/2022,1/3/2022,2/3/2022,3/3/2022,4/3/2022,5/3/2022,6/3/2022,7/3/2022,8/3/2022,9/3/2022,10/3/2022,11/3/2022,12/3/2022,13/3/2022,14/3/2022,15/3/2022,16/3/2022,17/3/2022,18/3/2022,19/3/2022,20/3/2022,21/3/2022,22/3/2022,23/3/2022,24/3/2022,25/3/2022,26/3/2022,27/3/2022,28/3/2022,29/3/2022,30/3/2022,31/3/2022,1/4/2022,2/4/2022,3/4/2022,4/4/2022,5/4/2022,6/4/2022,7/4/2022,8/4/2022,9/4/2022,10/4/2022,11/4/2022,12/4/2022,13/4/2022,14/4/2022,15/4/2022,16/4/2022,17/4/2022,18/4/2022,19/4/2022,20/4/2022,21/4/2022,22/4/2022,23/4/2022,24/4/2022,25/4/2022,26/4/2022,27/4/2022,28/4/2022,29/4/2022,30/4/2022,1/5/2022,2/5/2022,3/5/2022,4/5/2022,5/5/2022,6/5/2022,7/5/2022,8/5/2022,9/5/2022,10/5/2022,11/5/2022,12/5/2022,13/5/2022,14/5/2022,15/5/2022,16/5/2022,17/5/2022,18/5/2022,19/5/2022,20/5/2022,21/5/2022,22/5/2022,23/5/2022,24/5/2022,25/5/2022,26/5/2022,27/5/2022,28/5/2022,29/5/2022,30/5/2022,31/5/2022,1/6/2022,2/6/2022,3/6/2022,4/6/2022,5/6/2022,6/6/2022,7/6/2022,8/6/2022,9/6/2022,10/6/2022,11/6/2022,12/6/2022,13/6/2022,14/6/2022,15/6/2022,16/6/2022,17/6/2022,18/6/2022,19/6/2022,20/6/2022,21/6/2022,22/6/2022,
1,01,Johor,Semenanjung Malaysia,4,0,0,0,2,1,0,0,0,0,0,0,0,1,0,0,0,0,0,0,0,0,0,0,0,0,0,0,0,0,0,0,0,0,0,0,0,0,0,1,0,1,2,0,0,0,3,1,4,2,23,7,25,13,13,13,16,16,14,4,34,43,20,26,24,22,16,19,27,21,6,16,30,10,18,7,19,21,14,20,8,14,13,9,16,3,2,1,3,3,4,0,4,0,1,0,3,3,1,0,0,0,0,0,0,0,0,0,0,0,1,0,0,0,0,1,0,0,0,1,1,0,0,0,0,3,1,0,0,1,0,0,0,0,0,0,0,1,0,1,2,0,3,1,0,2,0,0,1,1,0,0,1,2,0,0,0,0,0,1,0,0,0,1,1,0,2,1,2,0,0,2,0,0,0,0,1,14,0,1,1,2,10,7,0,0,1,1,3,0,0,0,0,1,0,1,0,0,2,1,2,0,0,1,0,0,0,1,0,0,0,0,0,0,0,0,0,0,0,0,0,0,1,0,0,0,0,0,0,0,0,0,0,0,0,0,0,0,0,0,0,0,0,1,1,1,2,0,2,8,5,1,4,8,2,6,6,5,5,2,3,2,10,3,0,5,2,1,2,1,0,1,4,7,15,4,8,8,10,9,0,1,9,1,2,2,4,5,1,10,8,10,8,3,15,9,8,14,3,15,9,33,9,15,19,30,60,33,46,37,54,68,102,78,69,66,125,98,108,100,100,69,105,103,45,48,105,67,77,75,156,278,167,118,115,205,412,194,191,110,607,194,112,580,179,295,428,571,1103,298,302,321,396,442,535,460,535,719,362,329,368,470,423,466,425,378,529,516,1069,717,684,792,1020,1068,708,964,664,598,585,499,490,521,369,777,742,802,492,269,451,436,426,730,233,431,211,428,318,257,276,314,340,490,163,376,255,463,139,158,120,165,273,170,135,101,121,118,91,169,142,137,130,141,86,161,135,129,120,81,176,171,96,86,165,103,83,95,55,98,102,101,103,80,67,61,74,84,182,121,100,387,115,102,170,169,130,126,159,309,220,194,207,160,310,213,205,336,292,258,327,288,365,257,384,348,467,335,433,224,391,407,699,615,406,477,549,468,664,587,549,762,468,433,489,431,554,752,446,412,565,355,456,468,524,426,504,363,430,366,392,449,592,498,627,314,239,282,346,196,329,312,243,271,299,270,517,414,500,324,313,224,336,315,399,392,407,406,396,599,609,625,808,876,793,644,791,722,804,950,1449,907,767,1054,1104,1144,1045,1222,1275,1162,1300,1275,1182,1308,1232,1344,1693,1706,1485,1425,1508,1510,1309,1477,1526,1323,1558,1391,1367,1743,1832,2785,1809,1896,1852,2265,2159,1993,2145,2331,2077,2165,2101,2174,1867,2032,2297,2282,2110,2030,1974,1860,2206,2334,2208,1948,1598,1959,1880,1913,1807,1377,1455,1226,1319,1289,1241,1217,1124,981,781,886,1105,993,864,859,714,777,665,703,804,787,753,732,698,649,610,595,548,503,566,504,488,555,575,458,435,363,408,419,441,429,405,395,381,302,385,485,649,517,549,432,444,479,538,566,497,499,494,374,569,486,605,430,337,404,413,494,488,635,421,487,346,457,438,407,551,500,480,322,378,436,403,471,399,407,297,355,378,467,398,396,416,342,361,297,429,433,382,426,407,329,284,344,410,299,376,326,278,318,417,456,380,419,371,351,464,466,414,444,568,524,450,567,700,805,704,783,763,796,868,1084,932,757,901,1582,1369,1680,2321,2837,2860,3238,2419,2800,2780,2606,2856,2716,2715,2644,2697,2200,2281,2699,2369,1885,1818,2367,1767,1949,1979,2359,2713,2348,2059,1721,2986,2220,2566,2298,1973,2419,2241,2577,1990,1621,1286,1441,1088,927,1031,986,1235,726,764,856,751,778,954,623,664,510,489,560,426,625,556,544,404,494,359,318,402,313,313,294,214,179,186,214,134,129,111,112,103,124,122,105,111,86,74,35,50,37,50,57,81,104,126,88,126,126,55,87,69,64,63,62,68,85,69,83,56,72,44,44,52,47,51,29,33,42,39,34,61,43,44,57,56,57,43,55,68,58,56,68,60,40,56,62,63,59,385501
2,02,Kedah,Semenanjung Malaysia,0,0,0,0,1,0,0,0,0,0,0,0,1,0,0,0,0,0,0,0,0,1,0,0,0,0,0,0,0,0,0,0,0,0,0,0,0,0,0,0,0,0,0,0,0,0,0,0,2,0,16,6,2,6,4,1,6,5,7,5,6,3,1,1,1,2,0,2,1,1,0,1,3,5,1,2,0,0,0,0,0,1,0,0,0,0,0,0,1,0,0,0,0,0,0,0,0,0,0,0,0,0,0,0,0,0,0,0,0,0,0,0,0,0,0,0,1,0,0,0,0,0,0,0,0,0,0,0,0,0,0,0,0,0,0,0,0,0,0,0,0,0,0,0,0,0,0,0,0,0,0,0,0,1,0,0,0,0,0,0,0,0,0,0,0,0,0,1,0,0,1,0,0,0,0,0,0,1,0,0,0,0,0,0,0,6,0,1,2,1,11,1,0,3,6,1,0,0,0,0,2,9,12,14,5,6,3,7,0,3,5,2,0,7,5,0,1,0,1,2,2,0,4,1,1,0,4,22,16,4,14,5,14,1,0,1,7,0,9,3,1,10,5,4,8,0,0,1,1,13,98,129,102,113,241,397,153,16,10,27,16,10,60,113,31,7,38,9,3,17,7,3,1,76,1,3,4,28,37,5,2,1,3,12,25,7,19,15,3,8,3,17,3,5,10,8,10,8,11,7,19,6,16,36,14,24,24,25,17,52,31,21,26,32,24,30,17,18,10,16,14,22,16,13,5,20,9,9,4,13,6,3,5,14,4,0,16,27,12,8,23,24,20,47,53,45,47,42,30,107,65,71,40,62,97,86,142,195,96,142,114,142,156,166,105,85,74,88,76,92,125,99,53,47,59,124,51,91,64,43,37,59,48,228,188,111,92,33,38,36,182,36,101,15,26,15,17,29,25,17,13,16,11,40,12,9,11,15,9,25,20,18,23,13,33,27,32,26,38,25,46,30,27,51,49,44,27,33,23,13,41,37,32,21,20,32,34,27,35,31,40,59,40,47,39,53,26,35,45,30,48,44,55,91,44,34,76,39,51,120,105,136,111,101,103,155,124,112,209,183,176,224,174,226,193,228,239,363,236,244,445,417,434,301,422,348,336,542,441,544,468,422,464,236,283,373,263,263,125,194,148,135,309,161,171,301,199,252,228,197,159,204,170,182,142,189,271,186,186,129,194,284,226,250,257,145,332,273,337,198,360,417,364,382,415,497,504,695,458,701,696,705,701,800,701,937,867,1216,1160,1000,1112,1212,1281,1389,1511,1108,1036,1371,1446,1371,1514,1610,1328,1830,1534,2143,1807,1796,1596,1592,1863,1852,2137,1932,1880,1948,1602,1772,2279,1538,2072,2162,1755,2084,1942,1585,2455,1470,1329,1587,1599,1487,1564,1355,1808,1390,1256,1191,1207,1178,1233,1173,1073,809,967,786,1007,783,908,708,721,660,819,652,1033,710,574,670,628,576,556,503,578,437,401,357,517,489,416,428,403,370,324,352,312,319,432,345,421,333,346,496,362,470,345,371,326,347,381,355,297,232,325,325,412,438,351,352,304,366,398,439,425,409,407,364,275,472,471,358,442,428,459,253,333,412,366,332,388,335,324,357,365,404,338,337,308,169,263,267,263,261,240,237,176,277,209,219,207,269,192,169,273,245,236,328,200,254,225,254,237,174,217,216,187,223,265,260,183,185,178,209,175,268,403,259,275,315,342,289,395,367,455,428,511,442,420,505,581,532,486,751,847,904,1448,1463,1569,1956,1623,1629,1841,2733,2649,2961,3243,2537,2429,2254,2486,2583,2684,2579,2621,2462,2060,2782,2801,2752,3242,3060,2946,2721,2884,3015,3179,2927,2508,2292,2332,2382,2391,2034,1916,1529,1353,1113,1402,1219,1240,1252,845,785,652,779,734,827,607,529,464,330,338,456,400,356,331,311,257,300,288,302,238,189,163,114,133,124,143,126,91,94,105,113,82,104,98,57,43,62,17,22,40,40,61,46,63,92,120,98,83,61,51,43,47,59,64,70,86,57,52,55,62,69,36,58,41,34,50,45,36,46,44,31,29,49,34,52,43,51,30,28,50,58,64,62,44,36,36,30,52,54,301336
3,03,Kelantan,Semenanjung Malaysia,0,0,0,0,0,0,0,0,0,0,0,0,0,0,0,0,0,0,0,0,0,0,0,0,0,0,0,0,0,0,0,0,0,0,0,0,0,0,0,0,0,0,0,0,0,0,0,0,3,0,3,12,6,6,13,8,10,2,8,7,6,10,4,10,15,4,4,3,3,0,2,2,1,5,0,1,1,2,1,2,0,0,1,0,0,0,0,0,0,0,0,0,0,0,0,0,0,0,0,0,0,0,0,0,0,0,0,0,0,0,0,0,0,0,0,0,1,0,0,0,0,0,0,0,0,0,0,0,0,0,0,0,0,0,0,0,0,0,0,0,0,0,0,0,0,0,0,0,0,0,0,0,1,0,0,0,0,0,0,0,0,0,0,0,0,0,0,0,0,0,0,0,0,0,0,1,0,0,0,0,1,0,0,1,0,0,0,0,0,0,0,0,0,0,0,0,0,0,0,0,0,0,0,0,0,0,0,0,0,0,0,0,0,0,0,0,0,0,0,0,0,0,0,0,0,0,0,0,0,0,0,0,0,0,0,0,0,0,0,0,0,0,1,0,0,0,0,0,1,2,0,2,2,1,1,0,1,0,0,0,0,0,0,0,2,0,0,0,0,1,1,3,0,0,1,0,0,0,0,0,1,0,2,0,2,0,0,0,2,2,9,1,2,5,5,1,7,19,3,17,7,7,8,9,6,8,28,5,18,6,1,10,2,9,20,35,2,3,2,17,3,2,1,0,2,3,1,10,1,10,1,6,4,4,9,4,54,31,28,31,56,37,53,26,47,50,42,43,66,49,61,103,95,86,85,85,79,141,114,150,133,121,135,161,78,77,89,76,60,37,93,28,30,57,31,65,48,58,62,32,30,62,44,48,79,44,88,31,17,72,43,38,257,30,28,96,53,44,73,68,33,36,46,33,44,57,35,12,28,16,19,28,43,40,26,25,67,19,20,52,63,30,44,65,49,63,86,138,34,49,44,57,27,66,64,18,31,126,38,87,143,171,98,58,103,226,221,164,225,332,290,429,370,662,476,518,424,343,484,523,401,464,442,400,401,296,480,326,297,373,254,329,321,297,339,371,109,357,343,406,441,426,467,613,626,451,425,547,754,851,907,612,695,531,541,414,286,312,270,341,204,340,262,248,337,179,214,245,230,154,200,223,167,219,165,81,135,98,103,133,101,131,159,108,129,89,124,114,118,123,135,151,89,150,133,211,236,255,225,211,146,170,179,386,240,372,502,266,346,592,532,615,656,580,459,552,915,1003,772,938,930,870,914,1030,1284,972,1088,1370,1025,1227,1268,1351,1271,1281,1039,1196,1176,1422,1424,1312,1051,1289,1316,1308,1479,1504,1247,1356,1434,1078,1213,1458,1471,1438,1254,1320,1435,1070,1406,1434,1222,869,1214,1420,1050,1338,1573,1264,910,1170,1206,983,1088,1125,1232,858,1288,796,1020,1063,1170,1032,1052,940,915,938,1028,958,896,838,688,572,643,597,565,540,589,544,469,596,685,612,527,522,450,370,461,688,565,484,398,379,376,820,792,806,678,521,389,499,706,743,804,733,735,614,486,683,640,590,511,442,430,358,446,574,639,640,559,432,434,562,573,503,495,423,386,329,455,428,111,176,395,447,255,249,396,375,345,370,391,311,346,295,499,425,379,350,275,272,397,327,296,385,326,195,197,393,197,279,270,195,160,172,295,295,360,356,430,223,231,420,357,395,338,350,279,341,456,364,258,355,673,471,666,1105,1222,1439,1589,1274,1208,1330,1598,1914,1783,1722,1885,1605,1900,2043,2135,1746,1836,1414,1146,1200,1518,1758,1739,1572,1550,1279,1896,1647,1691,1637,1580,1114,1005,1086,1212,995,863,625,540,518,608,609,516,436,378,298,295,328,362,297,271,178,146,184,190,155,150,130,127,64,98,133,86,128,95,77,45,36,40,49,42,25,34,23,20,27,27,42,15,12,15,9,15,7,12,19,15,11,25,46,43,37,32,21,11,13,15,14,13,17,14,11,15,13,13,8,15,11,6,5,13,15,7,14,14,5,9,18,10,26,24,15,10,9,25,16,13,17,11,11,16,18,19,27,248200
4,04,Melaka,Semenanjung Malaysia,0,0,0,0,0,0,0,0,0,0,0,0,0,0,0,0,0,0,0,0,0,0,0,0,0,0,0,0,0,0,0,0,0,0,0,0,0,0,0,0,0,0,0,0,0,0,1,0,0,5,7,1,3,1,2,2,0,1,2,6,2,0,0,9,1,7,2,11,7,3,2,14,10,4,13,3,14,8,3,0,3,0,0,1,0,37,2,1,1,0,3,0,1,0,0,0,5,1,2,3,3,0,1,1,0,1,0,1,0,2,1,1,0,0,0,0,0,0,1,0,0,0,0,0,0,0,2,1,13,1,0,0,1,0,0,1,0,0,11,4,2,1,2,0,0,0,0,0,1,0,0,0,0,0,0,0,0,0,0,0,0,0,0,0,0,0,0,0,0,1,1,0,0,0,0,0,0,0,0,0,0,0,0,0,0,0,0,0,0,0,0,0,0,0,0,0,0,0,1,0,0,0,0,0,0,0,0,0,0,0,0,0,0,0,0,3,0,0,0,0,0,0,0,0,0,0,0,0,0,0,0,0,0,0,0,0,0,0,0,0,0,0,0,0,0,1,1,1,1,0,1,0,0,0,1,0,0,1,0,1,3,1,0,2,2,3,1,1,16,0,3,3,0,3,0,2,0,0,1,0,0,1,0,1,0,5,2,2,5,5,0,6,8,13,6,2,1,2,4,1,2,0,5,0,2,1,0,0,1,1,0,0,1,2,0,5,3,1,0,2,5,5,15,7,1,5,14,98,140,3,1,9,9,124,76,14,5,23,14,9,8,239,23,95,6,34,21,13,11,70,50,35,37,21,72,85,58,44,60,156,122,132,106,82,278,152,90,92,63,73,74,42,153,85,62,53,238,141,329,313,344,203,92,101,45,50,11,14,14,20,38,26,32,65,14,22,26,22,13,17,10,8,11,36,3,10,10,3,4,0,11,71,25,2,4,2,1,20,8,54,18,10,12,45,52,32,19,36,5,8,6,41,9,22,20,15,25,7,13,11,34,6,59,11,17,6,53,28,9,15,27,19,63,42,42,30,42,34,33,42,43,55,54,61,95,52,43,82,74,100,66,88,79,110,67,107,97,122,80,127,122,212,165,175,209,329,258,230,234,380,340,202,352,249,209,322,234,206,225,178,314,150,184,170,178,145,119,155,152,184,223,134,183,205,167,180,247,223,355,380,183,252,223,311,202,345,290,206,230,358,183,222,835,278,411,323,526,484,575,569,289,474,309,453,353,452,631,370,373,674,531,416,581,697,686,463,508,508,622,491,414,526,360,578,636,494,723,521,631,1120,623,579,737,610,882,558,363,396,342,515,589,269,636,395,417,309,407,399,338,459,295,448,375,340,485,490,340,206,329,190,269,287,263,207,162,264,313,292,401,339,362,346,303,375,194,378,216,206,219,246,200,260,244,289,203,188,195,188,255,289,261,206,211,168,112,235,183,223,262,177,253,156,253,264,223,225,184,214,154,250,201,172,152,168,200,125,158,299,198,216,160,116,137,307,233,192,142,291,112,191,291,229,177,159,175,139,124,249,226,225,259,222,181,129,373,246,202,150,143,159,95,139,152,272,179,88,119,67,150,118,108,130,76,144,101,239,150,182,148,121,105,74,168,141,199,139,123,186,76,245,166,154,144,201,133,77,167,197,168,201,80,194,153,299,357,269,396,167,250,230,301,252,395,457,496,387,347,728,988,656,429,666,546,596,720,524,818,713,403,611,600,888,731,745,750,575,507,664,821,741,931,796,863,554,725,732,838,766,563,564,635,727,750,645,639,508,422,536,573,594,686,488,403,309,350,331,338,439,317,219,212,163,206,263,350,206,225,105,123,144,237,263,288,152,94,225,186,112,124,95,87,57,74,149,108,80,91,120,92,28,20,76,57,60,63,51,127,140,136,108,97,81,39,34,91,111,116,108,104,86,104,99,49,62,68,34,41,43,64,55,65,44,31,30,12,38,46,54,48,55,46,76,64,59,54,79,53,58,32,57,125480
5,05,Negeri Sembilan,Semenanjung Malaysia,0,0,0,0,0,0,0,0,0,0,0,2,0,0,0,0,0,0,0,0,0,0,0,0,0,0,0,0,0,0,0,0,0,0,0,0,0,0,0,2,0,0,0,0,1,1,2,2,1,8,11,13,3,1,11,9,6,6,16,14,14,9,6,15,9,10,9,8,17,4,9,12,8,22,9,11,11,17,9,42,2,1,26,13,3,0,3,1,2,20,2,0,1,1,1,72,5,0,8,71,6,0,2,0,53,28,45,16,0,22,11,1,0,0,0,0,0,2,13,1,0,0,1,0,0,59,4,2,2,6,36,3,0,5,1,0,0,0,16,4,26,0,32,4,1,0,1,1,6,12,1,0,0,0,1,9,0,0,0,0,0,1,1,0,0,0,0,0,0,0,0,0,0,0,0,0,0,1,0,0,0,0,0,0,0,0,0,0,1,0,0,0,0,0,2,0,1,0,0,0,0,0,0,2,0,0,0,0,0,0,0,0,0,0,0,0,0,0,0,0,0,0,2,1,0,0,0,1,1,0,0,0,0,4,0,0,0,1,0,0,0,0,0,0,0,3,0,1,0,1,0,2,1,2,1,7,1,2,4,0,0,12,2,1,11,1,1,3,4,6,9,38,37,96,22,25,155,24,43,23,25,8,16,71,44,90,45,68,104,260,141,225,240,83,371,48,90,67,31,32,153,121,29,41,73,318,158,167,41,32,141,146,62,52,15,10,258,541,23,33,67,64,49,29,260,67,60,33,174,18,169,58,57,31,144,89,33,39,160,60,34,78,51,131,72,56,98,125,63,88,351,144,102,85,106,169,70,214,236,126,139,176,102,197,108,160,95,129,112,48,69,158,42,91,79,133,100,116,133,92,104,99,157,89,118,58,40,145,64,233,81,191,89,122,64,100,1392,62,68,74,65,167,115,24,91,77,89,48,89,45,10,79,32,6,21,80,17,46,23,41,25,22,41,10,59,49,12,43,9,18,39,32,34,31,25,20,12,14,30,12,40,28,40,63,29,51,34,53,89,42,91,17,24,55,105,27,57,112,39,61,111,136,89,73,97,95,76,85,188,98,205,144,126,122,100,124,190,70,243,149,189,291,370,396,434,329,410,370,353,520,898,468,253,397,586,576,709,843,556,571,505,507,593,685,618,331,323,396,607,1086,870,770,693,437,585,677,781,658,741,501,629,700,644,692,606,699,531,523,698,788,897,899,638,541,794,1033,1537,1603,1619,1280,771,1340,970,745,711,682,625,513,452,669,863,884,1079,929,809,862,816,800,989,986,884,1140,1215,564,1015,899,974,727,698,343,490,577,556,608,405,508,478,351,269,526,338,345,329,269,215,291,301,270,242,269,193,229,256,207,252,198,283,156,143,222,170,198,131,144,125,127,170,175,157,194,165,110,89,169,132,197,211,191,108,122,191,180,243,198,196,163,138,167,184,199,236,214,151,114,127,167,192,199,218,145,199,176,249,247,213,175,144,119,156,188,227,149,148,191,160,199,275,299,237,174,239,198,244,239,214,223,197,132,139,202,180,159,204,152,107,148,180,181,219,230,107,189,212,251,236,265,161,149,120,159,202,203,185,128,122,101,95,121,153,141,124,114,92,94,118,161,154,97,89,71,117,181,160,172,139,158,83,151,106,158,157,111,203,83,171,181,218,340,244,258,238,201,311,393,308,317,204,254,216,226,210,337,416,464,368,394,618,997,1235,731,983,707,684,1460,739,1712,1457,690,1325,1157,1998,1840,1589,1464,1520,1032,1808,1373,2045,1679,1565,1565,1575,1883,1798,2115,1973,1786,1950,1359,1547,1968,1882,1502,1405,885,595,1061,1116,888,1134,1304,556,488,974,765,1077,588,394,412,586,440,826,614,579,519,490,472,493,552,506,504,420,330,290,470,379,249,344,265,261,195,201,120,193,141,120,54,42,58,59,41,43,84,105,116,195,288,195,208,162,112,50,112,129,98,120,125,98,63,118,114,112,125,95,42,48,72,140,121,112,80,81,54,26,65,89,88,89,84,24,105,105,94,82,72,84,82,69,87,206697
6,06,Pahang,Semenanjung Malaysia,0,0,0,0,0,0,0,0,0,0,0,0,0,0,0,0,0,0,0,0,0,0,0,0,0,0,0,0,0,0,0,0,0,0,0,0,0,0,0,0,0,0,0,0,0,0,1,0,1,0,7,10,2,11,0,4,0,3,16,1,7,2,5,14,12,3,3,9,3,13,24,7,3,5,3,14,4,27,11,0,11,17,8,1,2,5,2,8,6,1,1,1,0,0,0,5,1,3,8,0,0,0,0,0,1,0,2,4,0,3,8,5,7,1,0,2,0,1,2,3,0,0,0,0,1,1,0,15,0,0,0,1,1,0,0,0,0,0,0,0,2,0,0,0,0,0,0,0,0,0,0,0,0,0,0,0,0,0,0,0,0,0,0,0,0,0,0,0,0,0,0,0,0,0,0,0,0,0,0,0,1,3,0,1,0,0,0,0,0,0,0,0,0,0,0,0,0,0,0,0,0,0,0,0,0,0,0,0,0,0,0,0,0,0,0,0,0,0,0,0,0,1,0,0,0,0,0,0,0,0,0,0,0,0,0,0,0,0,0,0,0,0,0,0,1,1,4,0,0,2,1,1,0,0,1,0,2,1,0,0,0,0,1,0,0,1,0,0,1,0,1,2,1,0,0,0,0,0,1,0,1,0,1,0,0,0,0,0,0,0,0,0,0,0,0,0,0,0,0,0,0,0,0,0,0,2,0,3,0,1,2,0,1,4,15,2,4,1,33,119,45,96,79,28,0,8,13,4,6,16,12,12,6,45,12,11,19,9,11,288,48,15,16,29,21,12,25,11,25,28,36,41,46,96,143,113,70,65,61,84,31,52,48,61,75,63,46,15,42,72,67,51,74,54,63,66,78,51,48,34,28,32,14,21,30,13,10,15,19,14,52,26,42,9,7,11,8,19,21,8,11,8,3,36,13,38,17,12,3,2,1,7,4,8,5,17,2,3,14,13,3,11,42,38,43,10,6,30,32,5,16,36,14,57,35,11,37,11,23,12,19,13,22,32,14,13,34,47,20,15,32,17,81,29,39,22,33,34,35,15,92,54,47,45,55,41,49,97,78,99,100,77,85,63,56,178,116,159,139,152,150,157,161,227,263,257,211,171,238,254,216,239,219,190,237,135,146,286,155,99,157,232,112,89,121,78,61,32,57,54,79,56,77,50,131,245,162,139,220,118,111,250,210,195,329,200,95,312,180,258,152,214,247,300,314,321,400,222,382,317,369,475,288,603,261,457,406,424,386,403,429,638,540,653,676,475,628,558,426,610,714,602,604,539,585,629,572,794,926,646,670,675,736,517,664,598,506,521,522,690,610,579,839,788,798,715,599,559,410,486,463,742,700,661,853,722,584,878,763,766,712,832,634,705,779,707,688,869,598,779,604,739,677,663,697,831,504,630,522,696,511,564,551,553,372,426,384,342,289,356,301,305,253,223,232,294,302,335,252,256,219,365,343,367,350,256,288,250,316,310,267,267,220,273,258,367,403,431,356,313,267,329,377,425,358,362,265,356,278,376,426,358,329,324,255,321,326,354,319,299,278,278,363,413,438,425,326,301,279,329,318,352,323,249,150,168,165,214,194,225,200,162,180,215,308,254,315,268,203,158,146,153,260,226,219,148,193,178,210,253,204,195,207,127,167,170,244,226,190,264,184,194,256,300,276,190,204,202,204,274,330,331,470,624,581,696,739,795,1008,1063,1099,938,836,948,1096,1376,1367,1581,1365,1668,1560,1647,1645,1636,1461,1147,1269,1331,1912,1535,1619,1844,1858,1409,1529,1601,2006,1424,1352,1151,1055,1302,1434,1000,1009,1100,771,959,892,631,608,634,383,413,554,487,480,496,535,287,306,252,320,316,321,214,193,114,153,176,143,132,132,93,64,90,67,61,61,75,65,40,56,48,74,58,61,39,11,19,22,9,27,25,35,36,46,73,57,58,58,28,36,22,26,40,30,25,22,12,19,20,25,23,21,13,13,13,13,17,19,15,17,9,8,12,25,28,27,24,12,17,26,28,26,19,19,23,23,33,172144
7,07,Pulau Pinang,Semenanjung Malaysia,0,0,0,0,0,0,0,0,0,0,0,0,0,0,0,0,0,0,0,0,0,0,0,0,0,0,0,0,0,0,0,0,0,0,0,0,0,0,0,0,0,1,0,0,0,1,0,0,5,0,6,5,9,5,0,5,13,8,8,2,1,4,6,6,1,1,6,2,2,0,1,2,0,1,6,0,1,5,2,0,3,0,0,0,0,0,0,0,0,0,0,0,2,0,0,0,0,0,0,0,0,1,0,0,0,0,0,0,0,0,0,0,0,0,0,0,0,0,0,0,0,0,0,0,0,0,0,0,0,0,0,0,0,0,0,0,0,0,0,0,0,0,0,0,0,0,0,0,0,0,0,0,0,0,0,0,0,0,0,0,0,0,0,0,0,0,0,0,0,0,0,0,0,0,0,0,0,0,0,0,0,0,0,0,0,0,0,0,0,0,0,0,0,0,0,1,0,3,0,0,0,0,1,2,1,3,0,4,0,0,0,0,0,0,0,0,0,0,0,0,0,0,0,0,0,1,1,0,0,0,0,0,0,0,0,1,2,0,0,1,0,0,0,0,0,0,0,0,1,1,1,0,3,1,0,3,7,1,8,3,1,141,23,17,16,33,189,45,26,8,12,10,39,23,97,61,13,19,13,35,2,23,21,35,23,36,192,18,18,34,27,26,63,42,34,42,26,33,16,8,25,17,15,12,15,14,17,64,92,46,60,29,60,43,48,44,31,55,18,29,42,34,102,26,31,34,69,80,37,30,30,18,23,43,37,25,58,37,69,57,69,92,226,288,103,55,60,77,111,75,273,189,112,317,105,234,194,120,120,145,124,124,171,202,162,90,110,104,101,99,99,101,69,119,85,122,157,149,211,250,209,119,59,144,149,138,56,91,72,92,116,188,87,127,135,155,95,162,93,155,105,85,106,90,337,119,84,172,76,143,99,169,132,178,154,142,175,69,104,182,328,205,88,100,99,113,137,125,212,164,194,200,190,139,92,185,133,110,93,162,176,101,113,112,92,92,134,91,116,84,91,92,111,144,89,134,117,123,115,98,158,250,133,145,194,167,195,305,313,363,280,245,187,259,395,266,338,187,159,220,183,362,302,359,372,384,380,420,365,421,345,248,328,400,407,303,376,370,271,153,185,194,166,205,198,256,214,124,99,97,122,167,114,84,195,159,108,270,160,138,88,115,131,174,351,142,173,157,185,140,237,142,180,243,231,234,210,509,376,396,295,426,460,362,371,530,505,573,402,618,760,554,689,713,752,667,798,867,1022,776,959,694,908,743,1385,1229,1316,1251,1111,1251,1275,1867,1655,1523,1459,1501,1451,2054,1427,2078,1829,1920,1378,1780,1732,1762,1600,1726,1558,1961,1558,1776,2474,2243,1939,1865,1309,1243,1651,1757,1777,1462,1375,1259,1170,1417,1224,1052,1231,1060,955,793,895,863,763,779,768,620,853,595,623,721,632,537,542,441,406,474,587,539,411,438,232,393,378,381,440,338,279,271,378,325,384,348,270,255,318,276,246,340,227,225,245,256,245,318,276,254,305,325,220,236,221,327,356,367,271,246,262,270,263,369,227,262,279,311,292,262,291,344,261,243,388,291,275,279,345,243,276,285,279,249,272,248,216,225,213,192,222,263,210,247,197,183,178,207,238,206,166,160,230,222,222,219,169,186,165,197,179,164,198,200,178,84,201,147,225,310,249,206,222,219,183,396,242,245,326,304,426,433,387,360,522,542,693,1023,1010,1267,1490,1574,1566,1656,1681,2142,1999,2088,2186,1811,1752,2601,2575,2575,2531,2435,1548,1728,2377,2422,2488,2592,2621,1663,1836,2425,2462,2773,2750,2533,1548,2137,2324,2441,2315,2306,1928,1772,1310,1295,1299,1577,1277,1145,990,640,679,684,790,730,440,572,414,457,508,620,525,372,355,309,355,345,340,302,359,200,166,237,204,193,223,169,179,165,125,188,224,209,146,97,103,83,60,65,100,138,156,151,174,208,192,229,189,171,151,123,145,114,119,126,140,93,124,119,117,106,122,90,94,84,113,125,111,110,105,92,78,89,84,152,131,133,105,136,145,167,168,153,92,155,125,148,284055
8,08,Perak,Semenanjung Malaysia,0,0,0,0,0,0,0,0,0,0,0,0,0,0,0,0,0,0,0,0,0,0,0,0,0,0,0,0,0,0,0,0,0,0,0,0,0,0,0,0,0,0,0,0,0,0,0,0,2,0,10,6,6,7,5,10,10,11,15,17,30,23,7,6,11,8,5,5,6,5,2,6,6,14,4,4,1,1,1,3,3,0,1,1,0,0,0,0,0,0,0,0,0,1,0,0,0,0,0,0,0,0,0,0,0,0,2,0,0,0,0,0,0,0,0,0,0,0,0,0,0,0,0,0,0,0,1,0,0,0,0,0,0,0,0,0,0,0,0,0,1,0,0,0,0,1,0,0,0,0,0,0,0,0,0,0,0,0,0,0,0,0,0,0,0,0,0,0,0,0,0,0,0,0,0,0,2,0,0,1,0,1,0,0,0,0,0,0,0,2,0,0,0,0,0,2,0,0,3,0,0,0,0,0,0,0,0,0,0,0,0,0,0,0,0,0,0,0,0,0,0,0,0,0,0,0,0,0,0,0,0,0,0,0,0,0,0,0,0,0,0,0,0,0,0,0,0,0,1,1,0,3,0,2,2,8,4,5,1,2,1,4,16,3,52,9,4,10,18,9,7,14,4,10,6,8,11,6,5,10,6,5,3,3,6,6,18,37,7,51,12,14,9,13,53,21,116,47,16,48,24,29,55,81,112,80,79,42,167,77,43,13,34,26,47,39,108,54,29,33,115,12,62,105,62,110,35,41,65,82,10,21,17,8,26,55,26,30,47,17,48,33,51,12,75,34,25,34,59,80,42,80,51,241,61,92,74,54,107,114,135,170,245,138,208,46,103,58,181,94,73,112,63,193,84,106,163,92,36,71,72,40,42,82,99,121,85,83,69,99,198,155,108,1215,148,308,188,120,545,305,287,144,63,136,101,109,68,48,49,34,83,69,44,72,101,37,24,36,39,100,37,55,39,4,42,71,28,9,23,5,44,31,31,14,494,24,8,61,24,24,29,46,50,21,36,56,51,49,42,35,43,34,38,49,45,54,64,45,38,69,91,118,64,77,59,117,65,137,148,108,80,119,140,172,302,147,182,115,203,160,220,248,382,276,279,231,218,264,228,405,272,212,255,387,224,384,371,252,174,177,225,175,143,161,218,121,136,68,66,30,357,245,205,453,68,75,120,72,137,229,400,184,137,149,182,101,384,249,94,187,543,241,145,207,168,329,164,344,299,428,407,324,295,274,284,415,469,609,590,583,406,596,810,775,693,748,967,662,916,624,774,861,935,953,828,930,940,1003,1069,938,1101,1036,1229,1248,946,703,952,1242,1390,1170,939,1061,1208,1144,1204,899,990,1389,1450,1057,1082,1197,1319,1341,1366,1354,1118,1011,856,1174,1446,1596,1120,1222,1090,1184,1490,844,1144,1128,994,713,678,971,913,959,862,669,548,473,629,794,643,724,589,414,336,405,409,302,307,461,363,341,393,384,381,411,349,294,257,251,297,256,231,224,190,219,190,210,258,201,186,208,161,200,246,243,267,258,202,250,243,304,284,237,177,228,226,219,280,262,231,220,205,210,205,228,248,235,254,231,170,183,244,237,207,241,205,139,234,209,180,228,189,112,114,158,206,194,164,161,189,117,173,209,175,164,149,112,101,122,166,161,132,121,116,113,141,153,137,120,120,103,86,138,124,166,136,159,120,126,148,142,151,199,130,158,160,172,218,208,231,321,412,352,395,373,443,503,444,461,558,423,486,489,475,358,465,1025,1222,1552,1578,1321,1330,1335,1288,1430,1713,1544,1491,1262,1142,1279,1442,1469,1494,1555,1292,1122,1296,1446,1561,1703,1403,1300,1015,1170,1213,1324,1201,1185,836,482,701,783,751,788,555,491,403,377,622,549,637,583,465,357,373,470,401,505,384,413,287,265,310,301,343,312,170,101,137,142,193,175,123,96,73,41,37,41,64,70,91,97,120,221,199,174,116,105,78,95,94,125,112,98,85,75,56,117,109,121,78,81,82,73,151,141,129,92,90,58,47,59,143,113,122,106,74,69,118,116,148,137,95,62,98,113,205993
9,09,Perlis,Semenanjung Malaysia,0,0,0,0,0,0,0,0,0,0,0,0,0,0,0,0,0,0,0,0,0,0,0,0,0,0,0,0,0,0,0,0,0,0,0,0,0,0,0,0,0,0,0,0,0,0,0,0,1,1,4,3,0,0,1,0,0,0,0,0,1,0,0,0,0,1,1,0,0,0,0,1,0,4,0,0,0,0,0,0,0,0,0,0,0,0,0,0,0,0,0,0,0,0,0,0,0,0,0,0,0,0,0,0,0,0,0,0,0,0,0,0,0,0,0,0,0,0,0,0,0,0,0,0,0,0,0,0,0,0,0,0,0,0,0,0,0,0,0,0,0,0,0,0,0,0,0,0,0,0,0,0,0,0,0,0,0,0,0,0,0,0,0,0,0,0,0,0,0,0,0,0,0,0,0,0,0,0,0,0,0,0,0,0,0,0,1,0,0,0,0,0,1,0,0,10,0,0,0,0,0,0,0,1,0,0,0,0,0,0,0,0,0,1,0,0,0,0,0,0,0,0,0,0,0,0,0,1,0,0,0,0,0,0,0,0,0,0,0,0,0,0,0,0,0,0,0,0,1,2,2,0,0,0,0,0,0,0,0,0,0,0,0,0,0,0,0,0,0,0,0,0,0,0,0,0,0,0,0,0,0,0,0,0,0,0,0,0,0,0,0,2,0,0,0,1,0,0,0,0,0,0,1,1,0,0,0,0,0,0,0,0,0,0,1,0,0,0,0,0,0,0,0,1,0,0,0,0,0,0,0,0,0,0,0,0,1,0,0,0,0,0,0,0,0,1,0,0,0,3,8,5,3,0,1,4,0,14,13,16,3,3,8,13,7,3,3,2,3,9,3,0,5,0,1,0,0,1,4,2,4,0,0,4,0,2,0,0,0,0,6,0,3,0,4,0,0,1,4,0,0,1,0,0,1,1,0,24,17,1,7,2,25,29,0,0,0,1,0,0,0,5,0,0,0,0,2,0,0,0,1,1,0,1,0,1,2,0,0,1,0,2,0,2,0,3,1,2,1,3,1,3,1,0,0,1,1,0,1,1,1,5,0,4,0,0,1,3,4,1,1,3,0,1,0,5,2,2,0,2,6,8,3,18,8,7,8,8,6,8,19,7,12,0,7,5,8,4,2,1,1,4,3,2,5,5,1,1,8,0,2,0,2,0,2,1,5,0,4,0,5,0,5,1,0,2,0,0,2,2,1,1,4,1,0,0,3,3,7,1,5,1,2,2,6,3,7,10,2,2,3,10,13,16,21,9,7,11,4,9,41,6,22,24,29,23,50,61,21,20,37,50,42,64,38,54,57,74,44,67,76,98,56,71,64,33,90,80,99,78,38,20,74,108,77,73,67,41,30,108,80,41,33,76,51,23,97,113,65,17,80,51,19,79,97,81,58,66,36,47,42,200,94,66,48,29,57,32,82,54,30,51,18,5,29,33,43,39,40,20,23,42,83,40,35,16,46,54,27,38,22,30,19,25,35,33,60,54,26,11,8,25,27,21,16,19,12,13,31,43,46,30,33,19,28,44,48,47,49,44,17,34,46,33,40,35,39,7,24,39,21,29,21,33,16,20,27,13,29,20,26,11,13,22,18,7,15,22,13,12,45,25,21,14,20,8,2,12,13,8,15,3,3,8,11,9,11,14,17,13,4,8,17,16,18,28,28,11,44,20,32,52,88,44,98,133,152,106,127,139,129,129,194,114,285,205,191,113,219,299,304,262,273,207,321,195,300,211,273,270,228,206,126,190,224,248,251,191,89,153,186,159,171,128,123,90,104,131,106,90,47,97,37,52,66,33,48,32,45,26,20,33,41,35,34,29,26,23,23,16,23,14,6,13,10,6,13,20,7,3,7,11,8,10,5,9,4,1,1,1,2,7,14,3,6,13,8,9,10,8,6,6,0,5,3,6,11,2,6,1,2,1,3,3,5,4,3,4,5,4,5,5,5,0,3,6,7,2,7,5,3,6,9,4,4,1,3,8,4,6,17529
10,10,Selangor,Semenanjung Malaysia,0,0,0,0,0,0,0,0,0,0,1,0,0,0,0,1,1,0,0,0,0,2,0,0,0,0,0,0,0,0,0,0,0,1,1,0,4,0,6,7,4,21,8,6,11,10,9,3,1,6,18,24,19,15,42,38,27,16,46,27,53,77,36,34,33,59,32,22,70,63,29,50,27,50,58,39,31,35,53,13,52,18,13,10,2,10,2,11,1,12,18,1,6,4,5,1,27,24,63,11,21,4,9,16,6,10,8,3,3,2,1,14,1,8,8,6,15,8,20,37,46,53,9,5,2,28,5,31,11,6,2,2,9,14,12,3,3,0,3,13,7,2,2,1,5,2,3,12,4,2,0,5,2,2,3,5,2,1,1,0,3,7,2,2,3,1,4,6,3,9,4,1,1,0,4,1,4,4,2,3,0,3,3,0,1,0,1,1,1,6,1,0,0,0,0,2,1,1,4,1,0,3,2,0,5,1,0,0,1,2,0,2,0,3,1,2,3,2,1,4,3,1,0,2,0,0,2,9,1,1,1,2,1,0,5,0,3,3,1,4,4,1,2,3,2,2,11,11,15,10,13,31,32,31,34,39,20,36,24,44,26,69,76,68,150,50,159,77,107,132,116,137,62,76,88,177,126,89,135,150,55,225,129,125,231,180,164,247,148,138,236,178,174,364,200,185,151,271,141,407,153,402,603,1203,1623,115,161,175,266,238,402,891,249,459,320,222,337,426,417,277,1428,829,823,435,532,503,481,368,692,401,441,1204,1015,535,492,461,710,392,697,747,472,1205,776,638,673,687,509,965,706,1086,564,730,557,1007,837,1036,889,1466,1314,1213,1199,1391,545,782,1421,950,1035,1295,822,1577,3126,3285,2460,1362,1145,1572,2056,1228,1481,1606,1196,862,1757,1082,1214,1345,1103,910,1300,1382,1013,978,1001,868,910,932,581,666,633,862,914,453,672,640,630,794,826,746,726,464,561,712,751,551,577,379,323,499,353,348,652,356,403,625,490,356,478,283,256,219,401,661,237,455,352,343,327,242,294,374,403,415,535,303,483,517,459,590,751,431,457,539,526,633,748,768,751,762,750,1019,1083,1265,759,1200,637,675,1548,1137,1424,1722,1278,1149,1328,2082,1783,1269,1507,1275,1650,1743,2251,2277,2163,1647,2235,2049,2642,2455,2675,2052,2836,2477,2111,2068,2728,3125,2612,2509,2178,1374,1524,2291,1510,2558,1582,1973,1523,1996,1914,1858,2095,2111,1680,1346,1566,2001,2072,2187,2108,2212,1989,2299,2836,2885,2907,3047,2262,2610,3260,3119,4152,4400,4277,4682,4308,5263,5051,6120,5512,4985,4828,4404,5524,5550,6049,7672,7351,8500,6508,6616,7171,7163,6092,6400,6326,6067,5836,8377,8549,8792,7084,6565,5740,7338,6921,6278,7449,6606,7307,5706,5753,6858,7175,6974,7011,5379,4316,4645,6325,6936,5920,5814,4591,3567,4371,3711,4073,3613,3775,3886,2126,2407,2989,2700,3595,2416,2347,1947,2632,2710,2718,2646,1995,2028,1365,1934,2414,1985,2244,2341,1558,979,1231,1362,1940,1568,1386,1000,686,1348,1116,1402,1796,1351,1015,671,1302,1449,1630,1163,1744,1036,800,888,1004,1027,1322,1039,1078,756,929,1222,1431,1328,1401,1128,883,899,1167,1344,1075,1063,981,809,1080,1597,1568,1752,1601,1266,1144,1217,1615,1448,1737,1528,1365,968,1397,1511,1650,1479,1503,1097,952,1097,1582,1726,1719,1347,1160,868,1196,1465,1467,1293,1227,954,682,1021,1134,1388,1441,1114,919,380,736,945,951,848,802,676,565,675,962,965,949,786,734,673,514,908,919,879,871,770,666,662,935,1083,1006,837,914,524,679,776,894,964,1145,1063,816,975,1318,1355,1656,1328,1269,1166,1258,1424,1563,1987,2490,2549,2411,3031,3582,3779,4291,6136,5350,3955,3862,6647,5858,6064,7192,7180,5535,5568,7798,7458,7290,6740,6823,6098,5969,6494,8053,8897,9651,7012,6757,8095,6606,7525,9120,6472,5345,4388,7217,7561,7558,7430,7366,6761,6941,7452,10240,11692,10842,10790,9273,6509,6985,7748,10735,10623,8662,7613,5791,7448,6783,6419,9674,5686,4299,4444,5100,6156,6529,6184,6568,4137,5020,3180,4651,3579,3819,3583,2281,1127,1803,1915,1215,1180,1040,643,680,429,547,719,438,480,1157,1160,1126,1220,1691,1286,1089,1148,707,615,850,892,786,878,768,828,831,1272,851,909,740,520,611,665,763,886,813,756,569,612,598,564,776,918,660,714,1251,821,829,685,776,897,748,1007,714,1055,1383575
11,11,Terengganu,Semenanjung Malaysia,0,0,0,0,0,0,0,0,0,0,0,0,0,0,0,0,0,0,0,0,0,0,0,0,0,0,0,0,0,0,0,0,0,0,0,0,0,0,0,0,0,0,0,0,0,0,0,0,0,0,0,4,3,3,2,8,7,5,6,0,0,1,2,4,2,0,0,1,2,18,6,10,6,0,3,5,3,1,0,4,0,0,2,0,1,0,0,0,0,1,0,0,0,0,0,0,0,0,0,0,0,0,0,0,0,0,0,0,0,0,0,0,0,0,0,0,1,0,0,0,0,0,0,0,0,0,0,0,0,0,0,0,0,0,0,0,0,0,0,0,0,0,0,0,0,0,0,0,0,0,0,0,0,0,0,0,0,0,0,0,0,0,0,0,0,0,0,0,0,0,0,0,0,1,2,0,0,0,0,0,0,0,0,0,0,0,0,0,0,0,0,0,0,0,0,0,0,0,0,0,0,0,0,0,0,0,0,0,0,0,0,0,0,0,0,0,0,0,0,0,0,0,0,0,0,0,0,0,0,0,0,0,0,0,0,0,0,0,0,0,0,0,0,0,0,2,0,1,0,3,2,3,9,0,5,1,4,5,5,0,3,0,0,0,0,0,3,2,1,0,0,1,2,0,7,3,4,11,1,0,2,15,0,1,3,0,8,3,1,0,0,0,0,0,0,0,4,1,0,0,4,0,0,0,0,1,1,0,0,1,0,0,0,1,0,0,1,0,0,0,3,2,6,12,9,7,1,2,4,0,2,1,0,1,7,0,0,5,3,2,2,17,14,16,4,4,13,19,10,34,16,29,41,20,27,89,92,80,22,20,33,81,57,178,131,179,79,76,68,80,137,85,83,38,115,55,69,84,56,29,30,34,24,26,72,46,51,53,26,91,19,37,22,12,4,9,22,6,1,11,12,15,7,5,10,16,22,10,13,36,8,4,16,14,37,39,23,15,15,6,32,18,3,7,4,6,3,3,2,4,2,2,6,8,4,6,3,9,10,11,29,44,34,22,13,14,57,16,0,16,8,15,1,22,11,50,25,9,61,40,19,37,42,184,38,53,73,58,87,71,49,93,93,60,148,165,119,58,201,156,203,233,139,185,266,263,268,177,282,207,189,214,204,198,224,127,203,190,158,117,106,171,108,66,82,46,86,43,56,77,32,62,12,18,37,27,29,46,29,16,23,21,20,50,44,51,54,17,61,43,68,82,50,38,140,93,189,70,102,177,123,144,190,171,391,229,267,273,245,317,490,437,258,883,429,425,429,481,501,460,425,598,501,378,613,594,440,560,534,688,498,487,621,521,495,534,470,383,744,567,488,739,789,544,608,506,987,532,605,861,700,645,904,910,776,953,930,704,483,993,814,719,755,671,804,592,852,664,690,760,685,691,629,612,726,699,818,827,636,356,704,699,650,590,500,480,420,499,452,426,383,319,311,281,355,485,439,398,277,298,292,290,293,251,266,277,269,217,209,234,238,201,186,210,246,273,223,243,247,200,282,261,299,297,258,225,208,202,207,231,233,189,171,172,214,200,235,191,229,168,228,201,219,211,202,262,180,144,193,183,205,214,228,163,156,232,202,210,213,270,183,164,172,190,193,243,135,130,122,173,138,128,153,94,79,90,88,88,76,75,56,57,63,64,68,68,65,52,48,56,66,59,69,68,60,75,67,78,102,95,100,116,123,213,312,290,327,324,293,270,297,376,453,465,515,538,616,608,607,782,773,852,787,515,731,756,727,896,993,938,856,918,1270,1277,1283,1236,1100,881,1039,1222,826,934,764,858,413,547,738,584,492,430,438,245,327,418,403,383,325,229,210,235,238,247,416,291,226,137,211,262,209,205,167,148,133,133,239,124,50,60,39,21,35,41,32,14,35,16,22,20,14,9,14,18,19,23,34,32,40,42,34,23,25,17,20,13,19,11,12,12,12,13,13,14,11,10,6,4,11,18,7,7,13,7,5,3,7,17,10,6,6,20,19,17,10,8,14,16,7,14,14,17,126482
12,12,Sabah,Sabah dan Sarawak,0,0,0,0,0,0,0,0,0,0,0,0,0,0,0,0,0,0,0,0,0,0,0,0,0,0,0,0,0,0,0,0,0,0,0,0,0,0,0,0,0,0,0,0,0,0,0,1,14,11,23,8,25,21,9,7,17,22,11,1,0,2,10,15,0,4,5,3,1,5,10,13,2,1,7,0,2,10,6,14,5,0,3,5,10,3,2,0,0,1,2,0,0,1,1,2,0,0,0,1,0,0,0,1,0,0,0,10,1,2,0,0,1,0,0,6,1,0,2,1,2,0,0,1,0,2,0,0,1,1,0,0,3,0,2,2,0,0,0,1,2,0,1,0,2,1,0,1,1,0,2,0,0,0,2,2,1,1,0,1,2,1,2,0,0,0,0,0,1,1,0,0,0,0,1,0,1,0,1,0,1,0,0,1,4,3,1,4,1,0,2,0,0,2,4,4,0,0,0,1,4,0,0,0,1,0,0,0,0,0,1,0,0,0,0,0,0,0,0,0,9,0,6,0,1,2,51,62,4,40,167,49,31,25,13,60,8,91,8,36,49,60,134,64,96,64,124,98,73,35,118,113,155,126,130,219,282,271,274,277,488,291,443,429,304,489,451,702,643,673,535,578,528,889,533,927,410,546,352,466,529,644,503,678,646,564,1199,616,524,370,397,259,319,556,391,381,288,499,387,660,512,346,311,289,232,293,326,441,476,290,326,267,229,310,320,391,250,248,271,203,274,532,429,333,283,260,268,184,260,199,196,247,252,189,249,225,248,186,157,230,280,299,254,259,316,303,383,405,493,401,409,403,374,409,450,389,514,449,393,432,526,406,401,453,498,431,348,303,295,282,288,263,298,276,276,190,175,196,233,160,169,180,132,142,118,101,116,97,132,94,114,101,109,85,110,94,105,93,129,157,134,104,53,95,78,97,74,99,71,64,54,61,57,71,39,29,38,31,73,33,102,50,36,60,45,70,51,64,38,34,41,69,86,63,73,68,65,112,60,106,139,131,127,109,117,142,202,143,163,112,125,82,172,160,82,132,121,88,82,87,131,89,64,115,57,89,50,69,153,63,61,96,50,70,76,53,60,87,60,95,160,245,144,189,136,184,266,229,217,308,265,190,207,318,254,203,287,259,305,336,350,232,233,309,378,335,273,230,184,248,199,201,163,166,193,129,203,156,189,190,258,178,242,232,230,322,228,263,225,244,279,323,251,271,298,239,286,370,326,647,666,651,657,474,497,516,712,818,720,741,913,776,1066,1035,1002,1166,1010,949,1062,1291,1255,1379,1247,1383,1514,2052,1654,1752,1665,1728,2103,2413,2583,2738,2651,2638,2474,3376,3224,3487,3010,2834,2578,2310,2594,2430,2329,2404,2279,2136,1844,2107,2067,2298,2246,2163,1717,1649,1784,2015,1982,1533,1395,1356,1255,1291,1199,1629,1273,962,1078,751,965,1000,993,872,784,767,677,805,790,820,705,761,562,532,707,751,691,720,639,504,497,695,426,651,641,592,502,450,565,585,599,589,650,447,393,549,675,655,554,569,405,364,545,573,579,611,497,442,500,487,599,541,543,545,437,485,526,622,513,486,438,408,342,401,467,427,374,351,294,271,307,322,329,263,287,197,181,232,224,195,166,237,189,122,156,202,161,168,127,108,125,168,192,226,231,264,165,161,258,280,245,242,199,198,161,253,280,257,244,265,213,163,201,242,256,176,218,172,118,314,335,342,358,267,373,367,490,446,476,909,1205,1285,1600,2069,3333,2969,3361,4107,3891,4035,4374,5082,4794,5565,5359,5007,4770,4406,3971,4892,4256,3735,2874,2174,2158,2236,2717,2131,1778,1515,1235,1216,1352,1154,1176,796,845,622,591,708,769,596,421,339,416,402,388,436,372,269,245,194,251,313,214,270,234,167,140,198,188,176,172,106,124,65,150,158,122,101,63,69,58,79,83,85,149,65,60,48,51,40,36,46,48,14,14,12,23,26,26,22,29,38,39,57,57,78,51,43,48,27,42,56,63,41,43,43,52,66,75,76,57,39,41,36,28,32,51,55,45,63,63,65,67,87,38,58,72,82,98,99,115,127,93,76,96,125,373729
13,13,Sarawak,Sabah dan Sarawak,0,0,0,0,0,0,0,0,0,0,0,0,0,0,0,0,0,0,0,0,0,0,0,0,0,0,0,0,0,0,0,0,0,0,0,0,0,0,0,0,0,0,0,0,0,0,0,0,0,6,14,0,9,20,2,7,10,8,2,5,2,10,15,8,11,6,21,32,23,28,7,15,12,15,18,6,15,7,8,6,15,8,16,10,6,5,6,22,19,4,9,10,7,3,8,6,5,2,9,5,0,2,11,1,1,4,1,0,0,1,0,0,0,0,0,0,0,0,1,0,0,4,0,3,0,0,0,0,0,0,0,0,1,2,0,0,0,1,0,0,0,1,0,3,1,4,1,0,3,0,0,1,0,0,0,1,0,0,0,0,0,0,0,1,0,1,0,2,2,2,1,0,3,1,10,7,6,1,11,9,4,9,8,1,0,25,2,0,1,0,0,0,0,0,0,1,1,1,0,0,0,0,1,0,0,0,0,0,4,1,1,3,5,0,0,0,1,1,1,0,0,0,0,0,0,0,0,0,1,0,0,0,0,0,0,0,1,0,0,0,0,2,0,0,0,1,2,0,3,4,0,0,3,1,1,3,3,8,10,9,0,1,0,3,4,0,4,5,0,1,0,1,2,8,16,7,16,27,10,16,9,11,14,21,9,6,18,25,2,4,6,14,8,13,4,4,1,1,3,8,2,0,0,0,1,2,4,0,0,0,2,1,0,1,1,1,0,2,2,0,1,1,1,0,0,0,0,9,1,2,3,0,0,4,2,3,6,3,2,4,1,2,8,5,10,8,13,5,14,16,55,24,153,146,166,180,60,69,62,100,156,203,132,229,193,255,120,205,70,171,179,191,135,105,121,148,270,178,185,219,84,111,135,184,83,152,161,246,193,200,200,199,134,185,221,133,353,219,250,255,171,220,159,139,361,250,221,201,252,163,199,168,173,222,178,251,183,225,303,407,154,276,124,140,141,308,213,267,426,192,153,176,238,217,290,419,225,385,332,211,555,296,443,351,607,489,512,960,512,508,589,600,429,474,717,570,595,615,432,416,522,760,445,587,356,620,419,391,750,479,454,649,512,405,395,533,324,405,433,512,323,608,612,749,663,530,513,640,772,698,726,513,654,703,588,594,706,651,600,703,707,419,631,699,569,544,744,718,570,559,536,569,661,682,507,577,581,673,491,513,409,242,376,544,440,361,365,424,286,289,281,406,352,270,235,472,289,363,423,388,261,301,351,261,644,461,261,407,356,405,464,582,450,485,578,411,494,552,759,652,573,581,589,836,634,1216,715,725,963,1566,835,1403,1206,2548,1964,1772,1538,1543,1667,2024,2224,2427,2522,2028,2285,2414,2992,2464,2723,3747,3714,3200,3100,3118,3734,3743,5291,3522,1983,4709,3660,3480,2929,2707,3611,3732,1712,1766,2825,2712,2943,2723,2358,2967,2487,2413,2121,1418,1189,1361,1503,1413,1339,1126,1132,1037,834,1165,1061,1009,1055,730,694,749,767,725,750,587,754,493,713,780,676,566,646,616,478,528,540,527,496,499,460,385,416,480,409,418,399,299,287,266,300,311,292,255,245,147,239,192,171,144,137,158,98,98,121,91,106,104,71,72,71,55,90,67,74,54,47,64,50,45,24,41,30,36,31,30,35,19,27,24,21,19,23,24,14,24,17,12,24,47,19,18,15,22,7,22,23,18,13,13,6,9,16,21,14,14,14,14,7,10,13,19,11,29,18,14,17,21,20,22,42,58,84,129,184,226,214,186,201,206,284,307,278,390,376,309,294,441,424,416,460,483,475,442,1248,1357,1206,1333,1455,1244,857,1903,1727,1963,1745,1427,1354,965,1867,1555,1484,1316,1177,852,813,1547,1252,1400,980,960,631,470,828,974,639,648,596,351,328,406,415,413,385,350,224,178,245,295,286,189,121,119,92,160,139,151,142,134,112,57,102,104,97,72,66,51,35,31,32,24,34,49,34,39,74,71,54,57,48,30,25,29,51,58,50,52,35,27,34,49,72,46,41,27,14,44,23,14,28,25,22,16,22,60,65,47,35,40,25,76,62,38,53,31,48,34,47,64,307510
14,14,W.P. Kuala Lumpur,Semenanjung Malaysia,0,0,0,0,0,0,0,0,0,0,1,0,1,0,1,0,0,0,0,0,1,0,0,0,0,0,0,0,0,0,0,0,0,0,1,0,0,0,0,3,1,5,0,0,6,0,4,2,3,2,45,23,8,6,6,18,29,18,59,15,15,49,16,6,28,26,34,25,39,55,50,29,18,31,14,15,14,46,44,28,68,26,26,18,14,12,4,13,16,29,49,39,16,30,14,8,10,32,14,30,25,23,22,20,6,10,9,35,12,5,18,15,7,13,38,22,10,39,39,5,11,115,177,6,7,10,13,8,11,5,55,271,4,15,4,1,4,0,1,10,1,4,1,2,1,4,1,7,0,0,0,0,0,1,4,1,0,0,0,1,0,1,0,1,2,1,0,3,0,0,0,1,1,1,1,0,1,0,1,2,1,3,1,2,2,4,7,1,3,0,0,0,0,15,2,3,3,7,1,6,3,3,4,6,13,2,4,3,0,3,1,3,2,0,0,0,5,8,14,0,0,4,1,7,4,3,4,5,1,0,0,2,1,1,5,0,0,0,2,6,3,9,5,0,2,6,6,1,1,6,14,1,4,3,7,6,4,12,10,6,15,28,10,12,10,10,15,7,7,7,26,23,11,19,10,17,11,14,23,19,11,4,22,22,9,17,18,28,11,22,19,21,49,202,13,475,392,245,31,72,46,68,30,196,90,44,59,154,191,493,119,26,85,49,256,264,178,148,98,129,136,132,238,131,124,696,232,297,197,281,284,127,503,226,378,140,728,202,194,360,219,222,457,156,112,150,313,265,316,282,198,231,204,326,289,257,401,347,334,250,521,513,576,435,548,390,305,610,698,678,687,480,783,702,619,651,481,395,402,372,295,422,408,435,374,511,154,182,318,226,212,227,230,123,303,155,381,218,122,117,337,75,145,92,120,108,81,125,71,119,103,86,108,158,55,61,86,54,79,175,78,115,158,64,53,98,86,84,58,57,53,42,101,88,67,73,88,87,84,120,135,106,96,116,133,134,171,245,252,176,153,344,291,332,302,240,217,254,377,440,359,255,315,198,200,408,313,477,436,557,338,320,483,540,521,306,398,342,297,477,660,655,641,654,447,468,604,760,561,830,789,616,387,817,701,801,851,678,415,455,466,704,769,884,559,462,503,650,480,641,816,483,379,310,635,531,552,771,628,628,469,1361,625,988,637,616,616,819,1550,1005,1133,1271,1398,1247,609,1521,1749,1499,1542,1740,945,609,1580,1174,1611,2063,2406,2045,1425,2457,2880,2138,2114,1962,2086,1536,2309,2467,2163,2483,2450,1883,1567,2374,2065,2436,2183,2028,1442,1360,1765,1587,1439,1652,1220,999,891,1284,1128,881,1068,1111,680,672,1003,573,731,740,711,597,398,631,537,513,467,555,376,398,411,363,493,366,382,383,307,359,338,383,271,310,270,176,240,284,258,289,171,201,151,217,214,250,313,288,151,220,253,309,304,265,259,182,223,259,189,343,322,252,162,176,339,273,262,299,309,215,204,259,199,275,201,268,228,174,413,323,339,441,347,278,222,312,403,399,324,319,235,208,419,400,452,400,330,191,181,388,326,385,362,232,221,240,380,316,315,365,349,194,218,317,325,300,298,236,184,186,258,279,210,200,159,135,135,205,224,241,205,191,135,167,206,245,229,271,301,272,262,290,319,309,280,276,226,168,322,352,476,425,314,379,249,378,390,420,480,560,409,379,430,391,358,709,584,491,380,1022,1068,1005,1095,1043,1001,1010,1215,1726,1419,1339,1247,1428,866,1355,2186,2100,2081,1691,1123,968,1751,2092,2881,4105,3603,2685,2181,4527,2856,2919,3349,2399,1594,2214,2892,3565,3266,2757,3078,1659,1433,3433,1991,2425,1586,1855,1395,1317,1434,1411,1188,1191,1311,909,481,756,733,1094,970,1008,708,440,1003,716,888,683,673,500,415,830,458,649,716,565,439,356,494,429,462,376,191,199,166,120,113,152,284,264,261,261,327,573,455,501,359,338,370,219,383,411,405,345,331,113,413,366,274,221,282,185,218,287,386,315,375,297,264,266,170,390,371,487,411,221,262,351,668,551,553,482,287,444,521,515,365929
15,15,W.P. Labuan,Sabah dan Sarawak,0,0,0,0,0,0,0,0,0,0,0,0,0,0,0,0,0,0,0,0,0,0,0,0,0,0,0,0,0,0,0,0,0,0,0,0,0,0,0,0,0,0,0,0,0,0,0,0,2,0,2,0,0,1,0,0,0,0,0,0,0,0,0,5,0,0,0,0,0,0,1,0,1,1,0,0,0,2,0,0,0,0,0,1,0,0,0,0,0,0,0,0,0,0,0,0,0,0,0,0,0,0,0,0,0,0,0,0,0,0,0,0,0,0,0,0,0,0,0,0,0,0,0,0,0,0,0,0,0,0,0,0,0,1,0,0,0,0,0,0,0,0,0,0,0,0,0,0,0,0,0,0,0,0,0,0,0,0,0,0,0,0,0,0,0,0,0,0,0,0,0,0,0,0,0,0,0,0,0,0,0,0,1,0,0,1,0,0,0,0,0,1,0,0,1,0,1,0,0,0,0,0,0,0,0,0,0,1,0,0,0,0,0,0,0,0,0,0,0,0,0,0,0,0,0,0,0,0,0,0,0,0,0,0,0,0,0,0,0,2,0,0,0,0,0,1,0,1,0,1,0,1,0,5,4,1,0,10,1,2,5,2,19,8,6,19,0,9,34,6,9,29,19,21,26,6,76,29,17,65,12,18,105,81,28,95,59,104,24,63,8,46,35,4,8,30,8,1,13,15,1,12,13,0,1,37,13,0,0,35,30,0,0,9,3,10,21,5,0,1,0,8,11,6,16,11,3,16,19,19,27,29,2,2,26,8,16,12,0,0,2,63,3,1,16,1,37,9,3,6,4,17,8,15,0,34,9,17,22,14,1,1,32,29,3,49,0,1,1,55,5,29,24,7,1,21,1,7,10,0,0,10,3,14,1,2,1,0,1,1,5,1,0,3,0,6,5,4,0,0,2,0,0,0,0,2,1,8,0,0,0,1,3,1,1,0,1,1,2,2,3,0,8,14,1,3,5,2,6,1,1,8,7,4,12,22,17,8,1,3,3,2,4,0,3,1,3,1,2,6,6,1,2,3,3,0,3,2,0,4,0,2,3,7,0,5,5,2,2,2,6,3,3,6,4,6,3,7,0,6,14,17,84,36,37,171,63,49,170,6,253,133,166,162,159,62,230,205,212,209,191,200,106,176,250,158,113,138,101,97,152,185,156,130,104,77,212,123,99,83,108,117,132,129,131,108,75,71,82,93,64,80,85,54,66,60,38,26,24,22,50,24,17,35,24,21,30,21,8,11,16,11,7,9,5,7,5,5,15,9,2,2,8,1,3,11,6,0,3,2,0,5,9,1,9,4,7,4,4,3,8,5,2,2,1,3,5,4,9,4,5,4,7,15,6,2,3,11,3,0,11,10,11,0,0,12,3,8,0,5,4,0,3,5,1,2,4,0,2,3,8,0,2,1,2,0,2,0,0,6,2,3,2,2,12,2,2,3,7,0,3,6,12,11,1,8,0,0,6,19,19,10,14,5,7,7,25,8,12,17,12,4,28,18,19,19,14,10,7,27,38,27,22,13,19,2,19,5,6,26,11,8,23,12,21,8,26,21,8,12,14,6,10,8,12,8,6,7,7,4,2,6,1,4,7,10,7,2,15,2,5,15,20,14,5,18,5,6,9,18,8,15,14,3,10,6,1,1,5,10,2,0,1,18,3,0,0,1,3,1,5,12,15,23,11,29,63,106,132,129,109,189,311,297,447,414,368,358,260,277,499,444,441,377,311,173,230,364,270,266,267,206,135,148,246,129,113,125,133,87,71,146,131,83,72,87,72,93,73,71,80,47,38,32,80,61,42,56,51,22,20,31,17,45,22,20,22,10,19,15,7,10,5,4,7,4,6,14,11,9,2,6,2,5,2,1,0,1,1,1,2,1,2,2,6,6,15,14,10,3,3,2,4,6,5,7,6,1,1,1,1,6,3,4,0,1,0,1,1,1,0,2,1,1,0,2,1,1,0,4,1,2,3,0,0,0,2,1,7,1,21450
16,16,W.P. Putrajaya,Semenanjung Malaysia,0,0,0,0,0,0,0,0,0,0,0,0,0,0,0,0,0,0,0,0,0,0,0,0,0,0,0,0,0,0,0,0,0,0,0,0,0,0,1,1,0,0,0,0,0,0,0,0,0,0,1,3,0,1,0,0,2,2,2,2,1,2,2,0,2,3,2,0,7,1,1,1,4,2,2,2,2,2,1,2,0,0,1,0,0,9,13,0,1,0,0,0,1,0,1,0,1,4,0,1,0,0,0,0,1,1,0,1,0,0,0,0,1,0,1,0,2,0,0,0,0,0,0,0,0,0,4,0,0,0,0,0,0,0,0,0,0,0,0,0,0,0,0,0,0,0,0,0,0,0,0,0,0,0,0,0,0,0,0,0,0,0,0,0,0,0,0,0,0,1,0,0,0,0,0,0,0,0,0,0,0,0,0,0,0,0,0,0,0,0,0,0,0,0,0,0,0,1,0,0,0,0,0,0,0,0,0,0,0,0,0,0,0,0,0,0,0,0,0,0,0,0,0,0,0,0,0,0,0,0,0,0,0,0,0,0,0,0,0,0,0,0,0,0,0,0,0,0,1,0,5,0,2,0,2,1,2,2,2,1,0,2,0,1,1,2,2,0,3,1,6,4,0,0,1,0,1,0,1,1,4,1,6,3,4,1,9,0,2,5,3,3,1,1,4,1,1,2,1,0,1,0,1,1,0,1,5,0,0,0,1,0,0,0,2,4,0,0,1,0,1,2,0,0,1,0,4,2,6,4,2,5,2,4,4,7,3,6,9,2,1,5,4,12,17,6,13,9,17,20,17,10,13,36,11,24,24,35,23,15,26,23,33,39,35,38,22,15,19,10,16,12,6,10,6,14,20,6,8,9,8,10,4,7,6,3,4,7,6,2,7,3,13,7,7,4,1,2,0,4,3,6,1,3,7,4,2,2,1,3,0,2,4,4,2,1,0,5,0,1,0,3,5,0,6,8,2,1,2,1,1,3,1,5,7,17,8,3,0,19,6,10,11,9,7,8,8,6,4,3,2,3,6,10,14,11,5,7,15,13,9,2,3,8,3,11,11,12,8,12,20,11,8,4,9,20,23,7,11,9,9,35,20,18,30,40,23,29,12,44,29,13,28,18,1,33,20,12,30,8,27,17,18,10,23,7,10,5,6,7,6,3,4,15,7,13,17,14,24,4,8,32,11,10,20,16,16,25,33,26,47,16,39,49,45,77,40,53,62,41,51,48,50,51,100,41,59,50,94,122,68,84,100,116,72,46,72,46,50,122,56,63,66,76,41,56,66,51,47,43,41,25,26,24,41,24,24,27,21,20,39,48,48,41,25,34,37,41,18,25,23,22,29,28,21,24,32,16,14,16,22,31,31,19,11,34,30,14,30,37,24,18,19,18,28,36,26,24,19,23,18,59,45,23,31,36,32,19,24,39,37,22,14,29,5,29,44,20,30,13,37,14,31,44,29,33,34,33,19,55,37,41,17,28,48,19,84,74,75,66,52,51,28,35,82,91,31,70,71,37,43,69,69,49,40,40,21,53,35,37,33,29,33,25,32,53,29,15,32,27,22,25,28,35,18,30,35,20,29,23,29,18,11,24,22,25,24,20,19,13,35,25,38,30,14,14,30,46,34,23,34,5,13,14,18,22,20,46,28,25,32,34,38,43,49,57,29,31,61,23,44,76,115,61,105,141,204,183,190,124,105,124,108,143,183,129,144,173,155,163,189,120,156,189,175,128,136,171,135,187,132,171,182,201,140,139,231,191,121,159,183,180,150,142,128,133,100,65,69,84,130,95,38,49,63,66,101,56,68,52,46,38,54,48,35,28,11,33,23,56,29,59,32,16,11,47,51,60,105,82,72,22,64,37,56,42,26,11,14,26,21,3,17,38,7,4,25,182,79,88,53,15,38,32,39,46,65,55,36,38,20,38,49,58,31,29,35,22,39,57,26,33,24,16,6,16,80,60,52,15,55,32,50,37,22,26,51,19,37,64,21441
